ID,导出时间,时间戳,事件类型,参数1,参数2,参数3,参数4,系统状态,系统常规故障总故障,总故障位,保留故障位,总电压,总电流,簇显示SOC,簇SOH,簇SOE,充电效率,单次充电电量,单次放电电量,累计充电电量,累计放电电量,簇真实SOC,充电SOP,放电SOP,单次充电容量,单次放电容量,累计充电容量,累计放电容量,充电最大允许功率,放电最大允许功率,电压越限次数,温度越限次数,故障保护次数,绝缘电阻+,绝缘电阻-,最高单体电压数据,最高单体电压编号,最低单体电压数据,最低单体电压编号,最高单体温度数据,最高单体温度编号,最低单体温度数据,最低单体温度编号,最高单体soc数据,最高单体soc编号,最低单体soc数据,最低单体soc编号,最高单体soh数据,最高单体soh编号,最低单体soh数据,最低单体soh编号,最高电池包电压数据,最高电池包电压编号,最低电池包电压数据,最低电池包电压编号,事件记录模式,内测模式,运维模式,PCS设备类型,制冷设备类型,除湿机设备类型,本机地址,本机IP,本机MAC地址,事件记录版本号,BOOT版本号,软件版本号,硬件版本号,常规故障一级点表,其他故障1,其他故障2,接触器状态,系统DI输入状态,系统高边驱动状态,预留,预留,预留,预留,预留,预留,预留,预留,预留,预留,CRC16,CRC校验结果
"1","2025-4-28 14:38:39","2025-4-27 22:31:24","总故障位触发","故障:存在常规严重故障位, 存在硬件故障总故障位, 存在保留故障总故障位","/:/","/:/","/:/","开路","严重","存在常规严重故障位; 存在硬件故障总故障位; 存在保留故障总故障位","保留绝缘电阻严重告警","0.0V","0.0A","30.0%","23.2%","30.0%","100.00%","0kWh","0kWh","0kWh","0kWh","125.0%","0.0%","100.0%","0Ah","0Ah","0Ah","0Ah","0.0kW","0.0kW","0","0","0","0","0","-","0","-","0","-","0","-","0","-","0","-","0","-","0","-","0","-","0","-","0","简约模式","内测模式1（V、T）","非运维模式","无PCS","无制冷设备","无除湿机设备","232","192.168.10.208","84-39-141-160-51-201","EVE.0.5-240123","CHS-BOOT-V1.1 ","NB.HS01-250424","HV1.1.0-220830","存在单电池欠压故障","-","RT4过温故障严重报警; RT5过温故障严重报警","主正接触器:断开; 主负接触器:断开; 预充接触器:断开","DI1:断开; DI2:断开; DI3:断开; DI4:断开; DI5:断开; DI6:断开; DI7:断开; DI8:断开; DI9:断开; DI10:断开; DI11:断开","DO1:断开; DO2:断开; DO3:断开; DO4:断开; DO5:断开; DO6:断开; DO7:断开; DO8:断开; 地址自适应反馈:断开","0","0","0","0","0","0","0","0","0","0","26681","通过"
"2","2025-4-28 14:38:39","2025-4-27 22:32:08","总故障位触发","故障:存在常规严重故障位, 存在硬件故障总故障位, 存在保留故障总故障位","/:/","/:/","/:/","开路","严重","存在常规严重故障位; 存在硬件故障总故障位; 存在保留故障总故障位","保留绝缘电阻严重告警","0.0V","0.0A","30.0%","23.2%","30.0%","100.00%","0kWh","0kWh","0kWh","0kWh","125.0%","0.0%","100.0%","0Ah","0Ah","0Ah","0Ah","0.0kW","0.0kW","0","0","0","0","0","-","0","-","0","-","0","-","0","-","0","-","0","-","0","-","0","-","0","-","0","简约模式","内测模式1（V、T）","非运维模式","无PCS","无制冷设备","无除湿机设备","232","192.168.10.208","84-39-141-160-51-201","EVE.0.5-240123","CHS-BOOT-V1.1 ","NB.HS01-250424","HV1.1.0-220830","存在单电池欠压故障","-","RT4过温故障严重报警; RT5过温故障严重报警","主正接触器:断开; 主负接触器:断开; 预充接触器:断开","DI1:断开; DI2:断开; DI3:断开; DI4:断开; DI5:断开; DI6:断开; DI7:断开; DI8:断开; DI9:断开; DI10:断开; DI11:断开","DO1:断开; DO2:断开; DO3:断开; DO4:断开; DO5:断开; DO6:断开; DO7:断开; DO8:断开; 地址自适应反馈:断开","0","0","0","0","0","0","0","0","0","0","44337","通过"
"3","2025-4-28 14:38:39","2025-4-27 22:32:08","总故障位触发","故障:存在常规严重故障位, 存在硬件故障总故障位, 存在保留故障总故障位","/:/","/:/","/:/","开路","严重","存在常规严重故障位; 存在硬件故障总故障位; 存在保留故障总故障位","保留绝缘电阻严重告警","0.0V","0.0A","30.0%","23.2%","30.0%","100.00%","0kWh","0kWh","0kWh","0kWh","125.0%","0.0%","100.0%","0Ah","0Ah","0Ah","0Ah","0.0kW","0.0kW","0","0","0","0","0","-","0","-","0","-","0","-","0","-","0","-","0","-","0","-","0","-","0","-","0","简约模式","内测模式1（V、T）","非运维模式","无PCS","无制冷设备","无除湿机设备","232","192.168.10.208","84-39-141-160-51-201","EVE.0.5-240123","CHS-BOOT-V1.1 ","NB.HS01-250424","HV1.1.0-220830","存在单电池欠压故障","-","RT4过温故障严重报警; RT5过温故障严重报警","主正接触器:断开; 主负接触器:断开; 预充接触器:断开","DI1:断开; DI2:断开; DI3:断开; DI4:断开; DI5:断开; DI6:断开; DI7:断开; DI8:断开; DI9:断开; DI10:断开; DI11:断开","DO1:断开; DO2:断开; DO3:断开; DO4:断开; DO5:断开; DO6:断开; DO7:断开; DO8:断开; 地址自适应反馈:断开","0","0","0","0","0","0","0","0","0","0","34472","通过"
"4","2025-4-28 14:38:39","2025-4-27 22:32:08","总故障位触发","故障:存在常规严重故障位, 存在硬件故障总故障位, 存在保留故障总故障位","/:/","/:/","/:/","开路","严重","存在常规严重故障位; 存在硬件故障总故障位; 存在保留故障总故障位","保留绝缘电阻严重告警","0.0V","0.0A","30.0%","23.2%","30.0%","100.00%","0kWh","0kWh","0kWh","0kWh","125.0%","0.0%","100.0%","0Ah","0Ah","0Ah","0Ah","0.0kW","0.0kW","0","0","0","0","0","-","0","-","0","-","0","-","0","-","0","-","0","-","0","-","0","-","0","-","0","简约模式","内测模式1（V、T）","非运维模式","无PCS","无制冷设备","无除湿机设备","232","192.168.10.208","84-39-141-160-51-201","EVE.0.5-240123","CHS-BOOT-V1.1 ","NB.HS01-250424","HV1.1.0-220830","存在单电池欠压故障","-","RT4过温故障严重报警; RT5过温故障严重报警","主正接触器:断开; 主负接触器:断开; 预充接触器:断开","DI1:断开; DI2:断开; DI3:断开; DI4:断开; DI5:断开; DI6:断开; DI7:断开; DI8:断开; DI9:断开; DI10:断开; DI11:断开","DO1:断开; DO2:断开; DO3:断开; DO4:断开; DO5:断开; DO6:断开; DO7:断开; DO8:断开; 地址自适应反馈:断开","0","0","0","0","0","0","0","0","0","0","44337","通过"
"5","2025-4-28 14:38:40","2025-4-27 22:32:08","总故障位触发","故障:存在常规严重故障位, 存在硬件故障总故障位, 存在保留故障总故障位","/:/","/:/","/:/","开路","严重","存在常规严重故障位; 存在硬件故障总故障位; 存在保留故障总故障位","保留绝缘电阻严重告警","0.0V","0.0A","30.0%","23.2%","30.0%","100.00%","0kWh","0kWh","0kWh","0kWh","125.0%","0.0%","100.0%","0Ah","0Ah","0Ah","0Ah","0.0kW","0.0kW","0","0","0","0","0","-","0","-","0","-","0","-","0","-","0","-","0","-","0","-","0","-","0","-","0","简约模式","内测模式1（V、T）","非运维模式","无PCS","无制冷设备","无除湿机设备","232","192.168.10.208","84-39-141-160-51-201","EVE.0.5-240123","CHS-BOOT-V1.1 ","NB.HS01-250424","HV1.1.0-220830","存在单电池欠压故障","-","RT4过温故障严重报警; RT5过温故障严重报警","主正接触器:断开; 主负接触器:断开; 预充接触器:断开","DI1:断开; DI2:断开; DI3:断开; DI4:断开; DI5:断开; DI6:断开; DI7:断开; DI8:断开; DI9:断开; DI10:断开; DI11:断开","DO1:断开; DO2:断开; DO3:断开; DO4:断开; DO5:断开; DO6:断开; DO7:断开; DO8:断开; 地址自适应反馈:断开","0","0","0","0","0","0","0","0","0","0","34472","通过"
"6","2025-4-28 14:38:40","2025-4-27 22:32:08","总故障位触发","故障:存在常规严重故障位, 存在硬件故障总故障位, 存在保留故障总故障位","/:/","/:/","/:/","开路","严重","存在常规严重故障位; 存在硬件故障总故障位; 存在保留故障总故障位","保留绝缘电阻严重告警","0.0V","0.0A","30.0%","23.2%","30.0%","100.00%","0kWh","0kWh","0kWh","0kWh","125.0%","0.0%","100.0%","0Ah","0Ah","0Ah","0Ah","0.0kW","0.0kW","0","0","0","0","0","-","0","-","0","-","0","-","0","-","0","-","0","-","0","-","0","-","0","-","0","简约模式","内测模式1（V、T）","非运维模式","无PCS","无制冷设备","无除湿机设备","232","192.168.10.208","84-39-141-160-51-201","EVE.0.5-240123","CHS-BOOT-V1.1 ","NB.HS01-250424","HV1.1.0-220830","存在单电池欠压故障","-","RT4过温故障严重报警; RT5过温故障严重报警","主正接触器:断开; 主负接触器:断开; 预充接触器:断开","DI1:断开; DI2:断开; DI3:断开; DI4:断开; DI5:断开; DI6:断开; DI7:断开; DI8:断开; DI9:断开; DI10:断开; DI11:断开","DO1:断开; DO2:断开; DO3:断开; DO4:断开; DO5:断开; DO6:断开; DO7:断开; DO8:断开; 地址自适应反馈:断开","0","0","0","0","0","0","0","0","0","0","44337","通过"
"7","2025-4-28 14:38:40","2025-4-27 22:32:08","总故障位触发","故障:存在常规严重故障位, 存在硬件故障总故障位, 存在保留故障总故障位","/:/","/:/","/:/","开路","严重","存在常规严重故障位; 存在硬件故障总故障位; 存在保留故障总故障位","保留绝缘电阻严重告警","0.0V","0.0A","30.0%","23.2%","30.0%","100.00%","0kWh","0kWh","0kWh","0kWh","125.0%","0.0%","100.0%","0Ah","0Ah","0Ah","0Ah","0.0kW","0.0kW","0","0","0","0","0","-","0","-","0","-","0","-","0","-","0","-","0","-","0","-","0","-","0","-","0","简约模式","内测模式1（V、T）","非运维模式","无PCS","无制冷设备","无除湿机设备","232","192.168.10.208","84-39-141-160-51-201","EVE.0.5-240123","CHS-BOOT-V1.1 ","NB.HS01-250424","HV1.1.0-220830","存在单电池欠压故障","-","RT4过温故障严重报警; RT5过温故障严重报警","主正接触器:断开; 主负接触器:断开; 预充接触器:断开","DI1:断开; DI2:断开; DI3:断开; DI4:断开; DI5:断开; DI6:断开; DI7:断开; DI8:断开; DI9:断开; DI10:断开; DI11:断开","DO1:断开; DO2:断开; DO3:断开; DO4:断开; DO5:断开; DO6:断开; DO7:断开; DO8:断开; 地址自适应反馈:断开","0","0","0","0","0","0","0","0","0","0","34472","通过"
"8","2025-4-28 14:38:40","2025-4-27 22:32:19","总故障位触发","故障:存在常规严重故障位, 存在硬件故障总故障位, 存在保留故障总故障位","/:/","/:/","/:/","开路","严重","存在常规严重故障位; 存在硬件故障总故障位; 存在保留故障总故障位","保留绝缘电阻严重告警","0.0V","0.0A","30.0%","23.2%","30.0%","100.00%","0kWh","0kWh","0kWh","0kWh","125.0%","0.0%","100.0%","0Ah","0Ah","0Ah","0Ah","0.0kW","0.0kW","0","0","0","0","0","-","0","-","0","-","0","-","0","-","0","-","0","-","0","-","0","-","0","-","0","简约模式","内测模式1（V、T）","非运维模式","无PCS","无制冷设备","无除湿机设备","232","192.168.10.208","84-39-141-160-51-201","EVE.0.5-240123","CHS-BOOT-V1.1 ","NB.HS01-250424","HV1.1.0-220830","存在单电池欠压故障","-","RT4过温故障严重报警; RT5过温故障严重报警","主正接触器:断开; 主负接触器:断开; 预充接触器:断开","DI1:断开; DI2:断开; DI3:断开; DI4:断开; DI5:断开; DI6:断开; DI7:断开; DI8:断开; DI9:断开; DI10:断开; DI11:断开","DO1:断开; DO2:断开; DO3:断开; DO4:断开; DO5:断开; DO6:断开; DO7:断开; DO8:断开; 地址自适应反馈:断开","0","0","0","0","0","0","0","0","0","0","50280","通过"
"9","2025-4-28 14:38:40","2025-4-27 22:32:19","总故障位触发","故障:存在常规严重故障位, 存在硬件故障总故障位, 存在保留故障总故障位","/:/","/:/","/:/","开路","严重","存在常规严重故障位; 存在硬件故障总故障位; 存在保留故障总故障位","保留绝缘电阻严重告警","0.0V","0.0A","30.0%","23.2%","30.0%","100.00%","0kWh","0kWh","0kWh","0kWh","125.0%","0.0%","100.0%","0Ah","0Ah","0Ah","0Ah","0.0kW","0.0kW","0","0","0","0","0","-","0","-","0","-","0","-","0","-","0","-","0","-","0","-","0","-","0","-","0","简约模式","内测模式1（V、T）","非运维模式","无PCS","无制冷设备","无除湿机设备","232","192.168.10.208","84-39-141-160-51-201","EVE.0.5-240123","CHS-BOOT-V1.1 ","NB.HS01-250424","HV1.1.0-220830","存在单电池欠压故障","-","RT4过温故障严重报警; RT5过温故障严重报警","主正接触器:断开; 主负接触器:断开; 预充接触器:断开","DI1:断开; DI2:断开; DI3:断开; DI4:断开; DI5:断开; DI6:断开; DI7:断开; DI8:断开; DI9:断开; DI10:断开; DI11:断开","DO1:断开; DO2:断开; DO3:断开; DO4:断开; DO5:断开; DO6:断开; DO7:断开; DO8:断开; 地址自适应反馈:断开","0","0","0","0","0","0","0","0","0","0","61425","通过"
"10","2025-4-28 14:38:40","2025-4-27 22:32:28","总故障位触发","故障:存在常规严重故障位, 存在硬件故障总故障位, 存在保留故障总故障位","/:/","/:/","/:/","开路","严重","存在常规严重故障位; 存在硬件故障总故障位; 存在保留故障总故障位","保留绝缘电阻严重告警","0.0V","0.0A","30.0%","23.2%","30.0%","100.00%","0kWh","0kWh","0kWh","0kWh","125.0%","0.0%","100.0%","0Ah","0Ah","0Ah","0Ah","0.0kW","0.0kW","0","0","0","0","0","-","0","-","0","-","0","-","0","-","0","-","0","-","0","-","0","-","0","-","0","简约模式","内测模式1（V、T）","非运维模式","无PCS","无制冷设备","无除湿机设备","232","192.168.10.208","84-39-141-160-51-201","EVE.0.5-240123","CHS-BOOT-V1.1 ","NB.HS01-250424","HV1.1.0-220830","存在单电池欠压故障","-","RT4过温故障严重报警; RT5过温故障严重报警","主正接触器:断开; 主负接触器:断开; 预充接触器:断开","DI1:断开; DI2:断开; DI3:断开; DI4:断开; DI5:断开; DI6:断开; DI7:断开; DI8:断开; DI9:断开; DI10:断开; DI11:断开","DO1:断开; DO2:断开; DO3:断开; DO4:断开; DO5:断开; DO6:断开; DO7:断开; DO8:断开; 地址自适应反馈:断开","0","0","0","0","0","0","0","0","0","0","26402","通过"
"11","2025-4-28 14:38:40","2025-4-27 22:32:28","总故障位触发","故障:存在常规严重故障位, 存在硬件故障总故障位, 存在保留故障总故障位","/:/","/:/","/:/","开路","严重","存在常规严重故障位; 存在硬件故障总故障位; 存在保留故障总故障位","保留绝缘电阻严重告警","0.0V","0.0A","30.0%","23.2%","30.0%","100.00%","0kWh","0kWh","0kWh","0kWh","125.0%","0.0%","100.0%","0Ah","0Ah","0Ah","0Ah","0.0kW","0.0kW","0","0","0","0","0","-","0","-","0","-","0","-","0","-","0","-","0","-","0","-","0","-","0","-","0","简约模式","内测模式1（V、T）","非运维模式","无PCS","无制冷设备","无除湿机设备","232","192.168.10.208","84-39-141-160-51-201","EVE.0.5-240123","CHS-BOOT-V1.1 ","NB.HS01-250424","HV1.1.0-220830","存在单电池欠压故障","-","RT4过温故障严重报警; RT5过温故障严重报警","主正接触器:断开; 主负接触器:断开; 预充接触器:断开","DI1:断开; DI2:断开; DI3:断开; DI4:断开; DI5:断开; DI6:断开; DI7:断开; DI8:断开; DI9:断开; DI10:断开; DI11:断开","DO1:断开; DO2:断开; DO3:断开; DO4:断开; DO5:断开; DO6:断开; DO7:断开; DO8:断开; 地址自适应反馈:断开","0","0","0","0","0","0","0","0","0","0","19643","通过"
"12","2025-4-28 14:38:40","2025-4-27 22:33:10","总故障位触发","故障:存在常规严重故障位, 存在硬件故障总故障位, 存在保留故障总故障位","/:/","/:/","/:/","开路","严重","存在常规严重故障位; 存在硬件故障总故障位; 存在保留故障总故障位","保留绝缘电阻严重告警","0.0V","0.0A","30.0%","23.2%","30.0%","100.00%","0kWh","0kWh","0kWh","0kWh","125.0%","0.0%","100.0%","0Ah","0Ah","0Ah","0Ah","0.0kW","0.0kW","0","0","0","0","0","-","0","-","0","-","0","-","0","-","0","-","0","-","0","-","0","-","0","-","0","简约模式","内测模式1（V、T）","非运维模式","无PCS","无制冷设备","无除湿机设备","232","192.168.10.208","84-39-141-160-51-201","EVE.0.5-240123","CHS-BOOT-V1.1 ","NB.HS01-250424","HV1.1.0-220830","存在单电池欠压故障","-","RT4过温故障严重报警; RT5过温故障严重报警","主正接触器:断开; 主负接触器:断开; 预充接触器:断开","DI1:断开; DI2:断开; DI3:断开; DI4:断开; DI5:断开; DI6:断开; DI7:断开; DI8:断开; DI9:断开; DI10:断开; DI11:断开","DO1:断开; DO2:断开; DO3:断开; DO4:断开; DO5:断开; DO6:断开; DO7:断开; DO8:断开; 地址自适应反馈:断开","0","0","0","0","0","0","0","0","0","0","59264","通过"
"13","2025-4-28 14:38:40","2025-4-27 22:33:10","总故障位触发","故障:存在常规严重故障位, 存在硬件故障总故障位, 存在保留故障总故障位","/:/","/:/","/:/","开路","严重","存在常规严重故障位; 存在硬件故障总故障位; 存在保留故障总故障位","保留绝缘电阻严重告警","0.0V","0.0A","30.0%","23.2%","30.0%","100.00%","0kWh","0kWh","0kWh","0kWh","125.0%","0.0%","100.0%","0Ah","0Ah","0Ah","0Ah","0.0kW","0.0kW","0","0","0","0","0","-","0","-","0","-","0","-","0","-","0","-","0","-","0","-","0","-","0","-","0","简约模式","内测模式1（V、T）","非运维模式","无PCS","无制冷设备","无除湿机设备","232","192.168.10.208","84-39-141-160-51-201","EVE.0.5-240123","CHS-BOOT-V1.1 ","NB.HS01-250424","HV1.1.0-220830","存在单电池欠压故障","-","RT4过温故障严重报警; RT5过温故障严重报警","主正接触器:断开; 主负接触器:断开; 预充接触器:断开","DI1:断开; DI2:断开; DI3:断开; DI4:断开; DI5:断开; DI6:断开; DI7:断开; DI8:断开; DI9:断开; DI10:断开; DI11:断开","DO1:断开; DO2:断开; DO3:断开; DO4:断开; DO5:断开; DO6:断开; DO7:断开; DO8:断开; 地址自适应反馈:断开","0","0","0","0","0","0","0","0","0","0","52249","通过"
"14","2025-4-28 14:38:40","2025-4-27 22:33:17","总故障位触发","故障:存在常规严重故障位, 存在硬件故障总故障位, 存在保留故障总故障位","/:/","/:/","/:/","开路","严重","存在常规严重故障位; 存在硬件故障总故障位; 存在保留故障总故障位","保留绝缘电阻严重告警","0.0V","0.0A","30.0%","23.2%","30.0%","100.00%","0kWh","0kWh","0kWh","0kWh","125.0%","0.0%","100.0%","0Ah","0Ah","0Ah","0Ah","0.0kW","0.0kW","0","0","0","0","0","-","0","-","0","-","0","-","0","-","0","-","0","-","0","-","0","-","0","-","0","简约模式","内测模式1（V、T）","非运维模式","无PCS","无制冷设备","无除湿机设备","232","192.168.10.208","84-39-141-160-51-201","EVE.0.5-240123","CHS-BOOT-V1.1 ","NB.HS01-250424","HV1.1.0-220830","存在单电池欠压故障","-","RT4过温故障严重报警; RT5过温故障严重报警","主正接触器:断开; 主负接触器:断开; 预充接触器:断开","DI1:断开; DI2:断开; DI3:断开; DI4:断开; DI5:断开; DI6:断开; DI7:断开; DI8:断开; DI9:断开; DI10:断开; DI11:断开","DO1:断开; DO2:断开; DO3:断开; DO4:断开; DO5:断开; DO6:断开; DO7:断开; DO8:断开; 地址自适应反馈:断开","0","0","0","0","0","0","0","0","0","0","25138","通过"
"15","2025-4-28 14:38:40","2025-4-27 22:33:17","总故障位触发","故障:存在常规严重故障位, 存在硬件故障总故障位, 存在保留故障总故障位","/:/","/:/","/:/","开路","严重","存在常规严重故障位; 存在硬件故障总故障位; 存在保留故障总故障位","保留绝缘电阻严重告警","0.0V","0.0A","30.0%","23.2%","30.0%","100.00%","0kWh","0kWh","0kWh","0kWh","125.0%","0.0%","100.0%","0Ah","0Ah","0Ah","0Ah","0.0kW","0.0kW","0","0","0","0","0","-","0","-","0","-","0","-","0","-","0","-","0","-","0","-","0","-","0","-","0","简约模式","内测模式1（V、T）","非运维模式","无PCS","无制冷设备","无除湿机设备","232","192.168.10.208","84-39-141-160-51-201","EVE.0.5-240123","CHS-BOOT-V1.1 ","NB.HS01-250424","HV1.1.0-220830","存在单电池欠压故障","-","RT4过温故障严重报警; RT5过温故障严重报警","主正接触器:断开; 主负接触器:断开; 预充接触器:断开","DI1:断开; DI2:断开; DI3:断开; DI4:断开; DI5:断开; DI6:断开; DI7:断开; DI8:断开; DI9:断开; DI10:断开; DI11:断开","DO1:断开; DO2:断开; DO3:断开; DO4:断开; DO5:断开; DO6:断开; DO7:断开; DO8:断开; 地址自适应反馈:断开","0","0","0","0","0","0","0","0","0","0","18859","通过"
"16","2025-4-28 14:38:40","2025-4-27 22:33:23","总故障位触发","故障:存在常规严重故障位, 存在硬件故障总故障位, 存在保留故障总故障位","/:/","/:/","/:/","开路","严重","存在常规严重故障位; 存在硬件故障总故障位; 存在保留故障总故障位","保留绝缘电阻严重告警","0.0V","0.0A","30.0%","23.2%","30.0%","100.00%","0kWh","0kWh","0kWh","0kWh","125.0%","0.0%","100.0%","0Ah","0Ah","0Ah","0Ah","0.0kW","0.0kW","0","0","0","0","0","-","0","-","0","-","0","-","0","-","0","-","0","-","0","-","0","-","0","-","0","简约模式","内测模式1（V、T）","非运维模式","无PCS","无制冷设备","无除湿机设备","232","192.168.10.208","84-39-141-160-51-201","EVE.0.5-240123","CHS-BOOT-V1.1 ","NB.HS01-250424","HV1.1.0-220830","存在单电池欠压故障","-","RT4过温故障严重报警; RT5过温故障严重报警","主正接触器:断开; 主负接触器:断开; 预充接触器:断开","DI1:断开; DI2:断开; DI3:断开; DI4:断开; DI5:断开; DI6:断开; DI7:断开; DI8:断开; DI9:断开; DI10:断开; DI11:断开","DO1:断开; DO2:断开; DO3:断开; DO4:断开; DO5:断开; DO6:断开; DO7:断开; DO8:断开; 地址自适应反馈:断开","0","0","0","0","0","0","0","0","0","0","23659","通过"
"17","2025-4-28 14:38:40","2025-4-27 22:33:23","总故障位触发","故障:存在常规严重故障位, 存在硬件故障总故障位, 存在保留故障总故障位","/:/","/:/","/:/","开路","严重","存在常规严重故障位; 存在硬件故障总故障位; 存在保留故障总故障位","保留绝缘电阻严重告警","0.0V","0.0A","30.0%","23.2%","30.0%","100.00%","0kWh","0kWh","0kWh","0kWh","125.0%","0.0%","100.0%","0Ah","0Ah","0Ah","0Ah","0.0kW","0.0kW","0","0","0","0","0","-","0","-","0","-","0","-","0","-","0","-","0","-","0","-","0","-","0","-","0","简约模式","内测模式1（V、T）","非运维模式","无PCS","无制冷设备","无除湿机设备","232","192.168.10.208","84-39-141-160-51-201","EVE.0.5-240123","CHS-BOOT-V1.1 ","NB.HS01-250424","HV1.1.0-220830","存在单电池欠压故障","-","RT4过温故障严重报警; RT5过温故障严重报警","主正接触器:断开; 主负接触器:断开; 预充接触器:断开","DI1:断开; DI2:断开; DI3:断开; DI4:断开; DI5:断开; DI6:断开; DI7:断开; DI8:断开; DI9:断开; DI10:断开; DI11:断开","DO1:断开; DO2:断开; DO3:断开; DO4:断开; DO5:断开; DO6:断开; DO7:断开; DO8:断开; 地址自适应反馈:断开","0","0","0","0","0","0","0","0","0","0","30706","通过"
"18","2025-4-28 14:38:40","2025-4-27 22:33:29","总故障位触发","故障:存在常规严重故障位, 存在硬件故障总故障位, 存在保留故障总故障位","/:/","/:/","/:/","开路","严重","存在常规严重故障位; 存在硬件故障总故障位; 存在保留故障总故障位","保留绝缘电阻严重告警","0.0V","0.0A","30.0%","23.2%","30.0%","100.00%","0kWh","0kWh","0kWh","0kWh","125.0%","0.0%","100.0%","0Ah","0Ah","0Ah","0Ah","0.0kW","0.0kW","0","0","0","0","0","-","0","-","0","-","0","-","0","-","0","-","0","-","0","-","0","-","0","-","0","简约模式","内测模式1（V、T）","非运维模式","无PCS","无制冷设备","无除湿机设备","232","192.168.10.208","84-39-141-160-51-201","EVE.0.5-240123","CHS-BOOT-V1.1 ","NB.HS01-250424","HV1.1.0-220830","存在单电池欠压故障","-","RT4过温故障严重报警; RT5过温故障严重报警","主正接触器:断开; 主负接触器:断开; 预充接触器:断开","DI1:断开; DI2:断开; DI3:断开; DI4:断开; DI5:断开; DI6:断开; DI7:断开; DI8:断开; DI9:断开; DI10:断开; DI11:断开","DO1:断开; DO2:断开; DO3:断开; DO4:断开; DO5:断开; DO6:断开; DO7:断开; DO8:断开; 地址自适应反馈:断开","0","0","0","0","0","0","0","0","0","0","9806","通过"
"19","2025-4-28 14:38:40","2025-4-27 22:33:29","总故障位触发","故障:存在常规严重故障位, 存在硬件故障总故障位, 存在保留故障总故障位","/:/","/:/","/:/","开路","严重","存在常规严重故障位; 存在硬件故障总故障位; 存在保留故障总故障位","保留绝缘电阻严重告警","0.0V","0.0A","30.0%","23.2%","30.0%","100.00%","0kWh","0kWh","0kWh","0kWh","125.0%","0.0%","100.0%","0Ah","0Ah","0Ah","0Ah","0.0kW","0.0kW","0","0","0","0","0","-","0","-","0","-","0","-","0","-","0","-","0","-","0","-","0","-","0","-","0","简约模式","内测模式1（V、T）","非运维模式","无PCS","无制冷设备","无除湿机设备","232","192.168.10.208","84-39-141-160-51-201","EVE.0.5-240123","CHS-BOOT-V1.1 ","NB.HS01-250424","HV1.1.0-220830","存在单电池欠压故障","-","RT4过温故障严重报警; RT5过温故障严重报警","主正接触器:断开; 主负接触器:断开; 预充接触器:断开","DI1:断开; DI2:断开; DI3:断开; DI4:断开; DI5:断开; DI6:断开; DI7:断开; DI8:断开; DI9:断开; DI10:断开; DI11:断开","DO1:断开; DO2:断开; DO3:断开; DO4:断开; DO5:断开; DO6:断开; DO7:断开; DO8:断开; 地址自适应反馈:断开","0","0","0","0","0","0","0","0","0","0","3543","通过"
"20","2025-4-28 14:38:40","2025-4-27 22:33:36","总故障位触发","故障:存在常规严重故障位, 存在硬件故障总故障位, 存在保留故障总故障位","/:/","/:/","/:/","开路","严重","存在常规严重故障位; 存在硬件故障总故障位; 存在保留故障总故障位","保留绝缘电阻严重告警","0.0V","0.0A","30.0%","23.2%","30.0%","100.00%","0kWh","0kWh","0kWh","0kWh","125.0%","0.0%","100.0%","0Ah","0Ah","0Ah","0Ah","0.0kW","0.0kW","0","0","0","0","0","-","0","-","0","-","0","-","0","-","0","-","0","-","0","-","0","-","0","-","0","简约模式","内测模式1（V、T）","非运维模式","无PCS","无制冷设备","无除湿机设备","232","192.168.10.208","84-39-141-160-51-201","EVE.0.5-240123","CHS-BOOT-V1.1 ","NB.HS01-250424","HV1.1.0-220830","存在单电池欠压故障","-","RT4过温故障严重报警; RT5过温故障严重报警","主正接触器:断开; 主负接触器:断开; 预充接触器:断开","DI1:断开; DI2:断开; DI3:断开; DI4:断开; DI5:断开; DI6:断开; DI7:断开; DI8:断开; DI9:断开; DI10:断开; DI11:断开","DO1:断开; DO2:断开; DO3:断开; DO4:断开; DO5:断开; DO6:断开; DO7:断开; DO8:断开; 地址自适应反馈:断开","0","0","0","0","0","0","0","0","0","0","1136","通过"
"21","2025-4-28 14:38:40","2025-4-27 22:33:36","总故障位触发","故障:存在常规严重故障位, 存在硬件故障总故障位, 存在保留故障总故障位","/:/","/:/","/:/","开路","严重","存在常规严重故障位; 存在硬件故障总故障位; 存在保留故障总故障位","保留绝缘电阻严重告警","0.0V","0.0A","30.0%","23.2%","30.0%","100.00%","0kWh","0kWh","0kWh","0kWh","125.0%","0.0%","100.0%","0Ah","0Ah","0Ah","0Ah","0.0kW","0.0kW","0","0","0","0","0","-","0","-","0","-","0","-","0","-","0","-","0","-","0","-","0","-","0","-","0","简约模式","内测模式1（V、T）","非运维模式","无PCS","无制冷设备","无除湿机设备","232","192.168.10.208","84-39-141-160-51-201","EVE.0.5-240123","CHS-BOOT-V1.1 ","NB.HS01-250424","HV1.1.0-220830","存在单电池欠压故障","-","RT4过温故障严重报警; RT5过温故障严重报警","主正接触器:断开; 主负接触器:断开; 预充接触器:断开","DI1:断开; DI2:断开; DI3:断开; DI4:断开; DI5:断开; DI6:断开; DI7:断开; DI8:断开; DI9:断开; DI10:断开; DI11:断开","DO1:断开; DO2:断开; DO3:断开; DO4:断开; DO5:断开; DO6:断开; DO7:断开; DO8:断开; 地址自适应反馈:断开","0","0","0","0","0","0","0","0","0","0","12265","通过"
"22","2025-4-28 14:38:40","2025-4-27 22:34:16","总故障位触发","故障:存在常规严重故障位, 存在硬件故障总故障位, 存在保留故障总故障位","/:/","/:/","/:/","开路","严重","存在常规严重故障位; 存在硬件故障总故障位; 存在保留故障总故障位","保留绝缘电阻严重告警","0.0V","0.0A","30.0%","23.2%","30.0%","100.00%","0kWh","0kWh","0kWh","0kWh","125.0%","0.0%","100.0%","0Ah","0Ah","0Ah","0Ah","0.0kW","0.0kW","0","0","0","0","0","-","0","-","0","-","0","-","0","-","0","-","0","-","0","-","0","-","0","-","0","简约模式","内测模式1（V、T）","非运维模式","无PCS","无制冷设备","无除湿机设备","232","192.168.10.208","84-39-141-160-51-201","EVE.0.5-240123","CHS-BOOT-V1.1 ","NB.HS01-250424","HV1.1.0-220830","存在单电池欠压故障","-","RT4过温故障严重报警; RT5过温故障严重报警","主正接触器:断开; 主负接触器:断开; 预充接触器:断开","DI1:断开; DI2:断开; DI3:断开; DI4:断开; DI5:断开; DI6:断开; DI7:断开; DI8:断开; DI9:断开; DI10:断开; DI11:断开","DO1:断开; DO2:断开; DO3:断开; DO4:断开; DO5:断开; DO6:断开; DO7:断开; DO8:断开; 地址自适应反馈:断开","0","0","0","0","0","0","0","0","0","0","52694","通过"
"23","2025-4-28 14:38:40","2025-4-27 22:34:16","总故障位触发","故障:存在常规严重故障位, 存在硬件故障总故障位, 存在保留故障总故障位","/:/","/:/","/:/","开路","严重","存在常规严重故障位; 存在硬件故障总故障位; 存在保留故障总故障位","保留绝缘电阻严重告警","0.0V","0.0A","30.0%","23.2%","30.0%","100.00%","0kWh","0kWh","0kWh","0kWh","125.0%","0.0%","100.0%","0Ah","0Ah","0Ah","0Ah","0.0kW","0.0kW","0","0","0","0","0","-","0","-","0","-","0","-","0","-","0","-","0","-","0","-","0","-","0","-","0","简约模式","内测模式1（V、T）","非运维模式","无PCS","无制冷设备","无除湿机设备","232","192.168.10.208","84-39-141-160-51-201","EVE.0.5-240123","CHS-BOOT-V1.1 ","NB.HS01-250424","HV1.1.0-220830","存在单电池欠压故障","-","RT4过温故障严重报警; RT5过温故障严重报警","主正接触器:断开; 主负接触器:断开; 预充接触器:断开","DI1:断开; DI2:断开; DI3:断开; DI4:断开; DI5:断开; DI6:断开; DI7:断开; DI8:断开; DI9:断开; DI10:断开; DI11:断开","DO1:断开; DO2:断开; DO3:断开; DO4:断开; DO5:断开; DO6:断开; DO7:断开; DO8:断开; 地址自适应反馈:断开","0","0","0","0","0","0","0","0","0","0","58959","通过"
"24","2025-4-28 14:38:40","2025-4-27 22:34:25","总故障位触发","故障:存在常规严重故障位, 存在硬件故障总故障位, 存在保留故障总故障位","/:/","/:/","/:/","开路","严重","存在常规严重故障位; 存在硬件故障总故障位; 存在保留故障总故障位","保留绝缘电阻严重告警","0.0V","0.0A","30.0%","23.2%","30.0%","100.00%","0kWh","0kWh","0kWh","0kWh","125.0%","0.0%","100.0%","0Ah","0Ah","0Ah","0Ah","0.0kW","0.0kW","0","0","0","0","0","-","0","-","0","-","0","-","0","-","0","-","0","-","0","-","0","-","0","-","0","简约模式","内测模式1（V、T）","非运维模式","无PCS","无制冷设备","无除湿机设备","232","192.168.10.208","84-39-141-160-51-201","EVE.0.5-240123","CHS-BOOT-V1.1 ","NB.HS01-250424","HV1.1.0-220830","存在单电池欠压故障","-","RT4过温故障严重报警; RT5过温故障严重报警","主正接触器:断开; 主负接触器:断开; 预充接触器:断开","DI1:断开; DI2:断开; DI3:断开; DI4:断开; DI5:断开; DI6:断开; DI7:断开; DI8:断开; DI9:断开; DI10:断开; DI11:断开","DO1:断开; DO2:断开; DO3:断开; DO4:断开; DO5:断开; DO6:断开; DO7:断开; DO8:断开; 地址自适应反馈:断开","0","0","0","0","0","0","0","0","0","0","30269","通过"
"25","2025-4-28 14:38:40","2025-4-27 22:34:25","总故障位触发","故障:存在常规严重故障位, 存在硬件故障总故障位, 存在保留故障总故障位","/:/","/:/","/:/","开路","严重","存在常规严重故障位; 存在硬件故障总故障位; 存在保留故障总故障位","保留绝缘电阻严重告警","0.0V","0.0A","30.0%","23.2%","30.0%","100.00%","0kWh","0kWh","0kWh","0kWh","125.0%","0.0%","100.0%","0Ah","0Ah","0Ah","0Ah","0.0kW","0.0kW","0","0","0","0","0","-","0","-","0","-","0","-","0","-","0","-","0","-","0","-","0","-","0","-","0","简约模式","内测模式1（V、T）","非运维模式","无PCS","无制冷设备","无除湿机设备","232","192.168.10.208","84-39-141-160-51-201","EVE.0.5-240123","CHS-BOOT-V1.1 ","NB.HS01-250424","HV1.1.0-220830","存在单电池欠压故障","-","RT4过温故障严重报警; RT5过温故障严重报警","主正接触器:断开; 主负接触器:断开; 预充接触器:断开","DI1:断开; DI2:断开; DI3:断开; DI4:断开; DI5:断开; DI6:断开; DI7:断开; DI8:断开; DI9:断开; DI10:断开; DI11:断开","DO1:断开; DO2:断开; DO3:断开; DO4:断开; DO5:断开; DO6:断开; DO7:断开; DO8:断开; 地址自适应反馈:断开","0","0","0","0","0","0","0","0","0","0","23972","通过"
"26","2025-4-28 14:38:40","2025-4-27 22:34:29","总故障位触发","故障:存在常规严重故障位, 存在硬件故障总故障位, 存在保留故障总故障位","/:/","/:/","/:/","开路","严重","存在常规严重故障位; 存在硬件故障总故障位; 存在保留故障总故障位","保留绝缘电阻严重告警","0.0V","0.0A","30.0%","23.2%","30.0%","100.00%","0kWh","0kWh","0kWh","0kWh","125.0%","0.0%","100.0%","0Ah","0Ah","0Ah","0Ah","0.0kW","0.0kW","0","0","0","0","0","-","0","-","0","-","0","-","0","-","0","-","0","-","0","-","0","-","0","-","0","简约模式","内测模式1（V、T）","非运维模式","无PCS","无制冷设备","无除湿机设备","232","192.168.10.208","84-39-141-160-51-201","EVE.0.5-240123","CHS-BOOT-V1.1 ","NB.HS01-250424","HV1.1.0-220830","存在单电池欠压故障","-","RT4过温故障严重报警; RT5过温故障严重报警","主正接触器:断开; 主负接触器:断开; 预充接触器:断开","DI1:断开; DI2:断开; DI3:断开; DI4:断开; DI5:断开; DI6:断开; DI7:断开; DI8:断开; DI9:断开; DI10:断开; DI11:断开","DO1:断开; DO2:断开; DO3:断开; DO4:断开; DO5:断开; DO6:断开; DO7:断开; DO8:断开; 地址自适应反馈:断开","0","0","0","0","0","0","0","0","0","0","9723","通过"
"27","2025-4-28 14:38:40","2025-4-27 22:34:29","总故障位触发","故障:存在常规严重故障位, 存在硬件故障总故障位, 存在保留故障总故障位","/:/","/:/","/:/","开路","严重","存在常规严重故障位; 存在硬件故障总故障位; 存在保留故障总故障位","保留绝缘电阻严重告警","0.0V","0.0A","30.0%","23.2%","30.0%","100.00%","0kWh","0kWh","0kWh","0kWh","125.0%","0.0%","100.0%","0Ah","0Ah","0Ah","0Ah","0.0kW","0.0kW","0","0","0","0","0","-","0","-","0","-","0","-","0","-","0","-","0","-","0","-","0","-","0","-","0","简约模式","内测模式1（V、T）","非运维模式","无PCS","无制冷设备","无除湿机设备","232","192.168.10.208","84-39-141-160-51-201","EVE.0.5-240123","CHS-BOOT-V1.1 ","NB.HS01-250424","HV1.1.0-220830","存在单电池欠压故障","-","RT4过温故障严重报警; RT5过温故障严重报警","主正接触器:断开; 主负接触器:断开; 预充接触器:断开","DI1:断开; DI2:断开; DI3:断开; DI4:断开; DI5:断开; DI6:断开; DI7:断开; DI8:断开; DI9:断开; DI10:断开; DI11:断开","DO1:断开; DO2:断开; DO3:断开; DO4:断开; DO5:断开; DO6:断开; DO7:断开; DO8:断开; 地址自适应反馈:断开","0","0","0","0","0","0","0","0","0","0","3682","通过"
"28","2025-4-28 14:38:40","2025-4-27 22:34:53","总故障位触发","故障:存在常规严重故障位, 存在硬件故障总故障位, 存在保留故障总故障位","/:/","/:/","/:/","开路","严重","存在常规严重故障位; 存在硬件故障总故障位; 存在保留故障总故障位","保留绝缘电阻严重告警","0.0V","0.0A","30.0%","23.2%","30.0%","100.00%","0kWh","0kWh","0kWh","0kWh","125.0%","0.0%","100.0%","0Ah","0Ah","0Ah","0Ah","0.0kW","0.0kW","0","0","0","0","0","-","0","-","0","-","0","-","0","-","0","-","0","-","0","-","0","-","0","-","0","简约模式","内测模式1（V、T）","非运维模式","无PCS","无制冷设备","无除湿机设备","232","192.168.10.208","84-39-141-160-51-201","EVE.0.5-240123","CHS-BOOT-V1.1 ","NB.HS01-250424","HV1.1.0-220830","存在单电池欠压故障","-","RT4过温故障严重报警; RT5过温故障严重报警","主正接触器:断开; 主负接触器:断开; 预充接触器:断开","DI1:断开; DI2:断开; DI3:断开; DI4:断开; DI5:断开; DI6:断开; DI7:断开; DI8:断开; DI9:断开; DI10:断开; DI11:断开","DO1:断开; DO2:断开; DO3:断开; DO4:断开; DO5:断开; DO6:断开; DO7:断开; DO8:断开; 地址自适应反馈:断开","0","0","0","0","0","0","0","0","0","0","34016","通过"
"29","2025-4-28 14:38:40","2025-4-27 22:34:53","总故障位触发","故障:存在常规严重故障位, 存在硬件故障总故障位, 存在保留故障总故障位","/:/","/:/","/:/","开路","严重","存在常规严重故障位; 存在硬件故障总故障位; 存在保留故障总故障位","保留绝缘电阻严重告警","0.0V","0.0A","30.0%","23.2%","30.0%","100.00%","0kWh","0kWh","0kWh","0kWh","125.0%","0.0%","100.0%","0Ah","0Ah","0Ah","0Ah","0.0kW","0.0kW","0","0","0","0","0","-","0","-","0","-","0","-","0","-","0","-","0","-","0","-","0","-","0","-","0","简约模式","内测模式1（V、T）","非运维模式","无PCS","无制冷设备","无除湿机设备","232","192.168.10.208","84-39-141-160-51-201","EVE.0.5-240123","CHS-BOOT-V1.1 ","NB.HS01-250424","HV1.1.0-220830","存在单电池欠压故障","-","RT4过温故障严重报警; RT5过温故障严重报警","主正接触器:断开; 主负接触器:断开; 预充接触器:断开","DI1:断开; DI2:断开; DI3:断开; DI4:断开; DI5:断开; DI6:断开; DI7:断开; DI8:断开; DI9:断开; DI10:断开; DI11:断开","DO1:断开; DO2:断开; DO3:断开; DO4:断开; DO5:断开; DO6:断开; DO7:断开; DO8:断开; 地址自适应反馈:断开","0","0","0","0","0","0","0","0","0","0","44921","通过"
"30","2025-4-28 14:38:40","2025-4-27 22:35:24","总故障位触发","故障:存在常规严重故障位, 存在硬件故障总故障位, 存在保留故障总故障位","/:/","/:/","/:/","开路","严重","存在常规严重故障位; 存在硬件故障总故障位; 存在保留故障总故障位","保留绝缘电阻严重告警","0.0V","0.0A","30.0%","23.2%","30.0%","100.00%","0kWh","0kWh","0kWh","0kWh","125.0%","0.0%","100.0%","0Ah","0Ah","0Ah","0Ah","0.0kW","0.0kW","0","0","0","0","0","-","0","-","0","-","0","-","0","-","0","-","0","-","0","-","0","-","0","-","0","简约模式","内测模式1（V、T）","非运维模式","无PCS","无制冷设备","无除湿机设备","232","192.168.10.208","84-39-141-160-51-201","EVE.0.5-240123","CHS-BOOT-V1.1 ","NB.HS01-250424","HV1.1.0-220830","存在单电池欠压故障","-","RT4过温故障严重报警; RT5过温故障严重报警","主正接触器:断开; 主负接触器:断开; 预充接触器:断开","DI1:断开; DI2:断开; DI3:断开; DI4:断开; DI5:断开; DI6:断开; DI7:断开; DI8:断开; DI9:断开; DI10:断开; DI11:断开","DO1:断开; DO2:断开; DO3:断开; DO4:断开; DO5:断开; DO6:断开; DO7:断开; DO8:断开; 地址自适应反馈:断开","0","0","0","0","0","0","0","0","0","0","14161","通过"
"31","2025-4-28 14:38:40","2025-4-27 22:35:24","总故障位触发","故障:存在常规严重故障位, 存在硬件故障总故障位, 存在保留故障总故障位","/:/","/:/","/:/","开路","严重","存在常规严重故障位; 存在硬件故障总故障位; 存在保留故障总故障位","保留绝缘电阻严重告警","0.0V","0.0A","30.0%","23.2%","30.0%","100.00%","0kWh","0kWh","0kWh","0kWh","125.0%","0.0%","100.0%","0Ah","0Ah","0Ah","0Ah","0.0kW","0.0kW","0","0","0","0","0","-","0","-","0","-","0","-","0","-","0","-","0","-","0","-","0","-","0","-","0","简约模式","内测模式1（V、T）","非运维模式","无PCS","无制冷设备","无除湿机设备","232","192.168.10.208","84-39-141-160-51-201","EVE.0.5-240123","CHS-BOOT-V1.1 ","NB.HS01-250424","HV1.1.0-220830","存在单电池欠压故障","-","RT4过温故障严重报警; RT5过温故障严重报警","主正接触器:断开; 主负接触器:断开; 预充接触器:断开","DI1:断开; DI2:断开; DI3:断开; DI4:断开; DI5:断开; DI6:断开; DI7:断开; DI8:断开; DI9:断开; DI10:断开; DI11:断开","DO1:断开; DO2:断开; DO3:断开; DO4:断开; DO5:断开; DO6:断开; DO7:断开; DO8:断开; 地址自适应反馈:断开","0","0","0","0","0","0","0","0","0","0","7368","通过"
"32","2025-4-28 14:38:40","2025-4-27 22:35:25","总故障位触发","故障:存在常规严重故障位, 存在硬件故障总故障位, 存在保留故障总故障位","/:/","/:/","/:/","开路","严重","存在常规严重故障位; 存在硬件故障总故障位; 存在保留故障总故障位","保留绝缘电阻严重告警","0.0V","0.0A","30.0%","23.2%","30.0%","100.00%","0kWh","0kWh","0kWh","0kWh","125.0%","0.0%","100.0%","0Ah","0Ah","0Ah","0Ah","0.0kW","0.0kW","0","0","0","0","0","-","0","-","0","-","0","-","0","-","0","-","0","-","0","-","0","-","0","-","0","简约模式","内测模式1（V、T）","非运维模式","无PCS","无制冷设备","无除湿机设备","232","192.168.10.208","84-39-141-160-51-201","EVE.0.5-240123","CHS-BOOT-V1.1 ","NB.HS01-250424","HV1.1.0-220830","存在单电池欠压故障","-","RT4过温故障严重报警; RT5过温故障严重报警","主正接触器:断开; 主负接触器:断开; 预充接触器:断开","DI1:断开; DI2:断开; DI3:断开; DI4:断开; DI5:断开; DI6:断开; DI7:断开; DI8:断开; DI9:断开; DI10:断开; DI11:断开","DO1:断开; DO2:断开; DO3:断开; DO4:断开; DO5:断开; DO6:断开; DO7:断开; DO8:断开; 地址自适应反馈:断开","0","0","0","0","0","0","0","0","0","0","39680","通过"
"33","2025-4-28 14:38:40","2025-4-27 22:35:25","总故障位触发","故障:存在常规严重故障位, 存在硬件故障总故障位, 存在保留故障总故障位","/:/","/:/","/:/","开路","严重","存在常规严重故障位; 存在硬件故障总故障位; 存在保留故障总故障位","保留绝缘电阻严重告警","0.0V","0.0A","30.0%","23.2%","30.0%","100.00%","0kWh","0kWh","0kWh","0kWh","125.0%","0.0%","100.0%","0Ah","0Ah","0Ah","0Ah","0.0kW","0.0kW","0","0","0","0","0","-","0","-","0","-","0","-","0","-","0","-","0","-","0","-","0","-","0","-","0","简约模式","内测模式1（V、T）","非运维模式","无PCS","无制冷设备","无除湿机设备","232","192.168.10.208","84-39-141-160-51-201","EVE.0.5-240123","CHS-BOOT-V1.1 ","NB.HS01-250424","HV1.1.0-220830","存在单电池欠压故障","-","RT4过温故障严重报警; RT5过温故障严重报警","主正接触器:断开; 主负接触器:断开; 预充接触器:断开","DI1:断开; DI2:断开; DI3:断开; DI4:断开; DI5:断开; DI6:断开; DI7:断开; DI8:断开; DI9:断开; DI10:断开; DI11:断开","DO1:断开; DO2:断开; DO3:断开; DO4:断开; DO5:断开; DO6:断开; DO7:断开; DO8:断开; 地址自适应反馈:断开","0","0","0","0","0","0","0","0","0","0","45209","通过"
"34","2025-4-28 14:38:40","2025-4-27 22:36:42","总故障位触发","故障:存在常规严重故障位, 存在硬件故障总故障位, 存在保留故障总故障位","/:/","/:/","/:/","开路","严重","存在常规严重故障位; 存在硬件故障总故障位; 存在保留故障总故障位","保留绝缘电阻严重告警","0.0V","0.0A","30.0%","23.2%","30.0%","100.00%","0kWh","0kWh","0kWh","0kWh","125.0%","0.0%","100.0%","0Ah","0Ah","0Ah","0Ah","0.0kW","0.0kW","0","0","0","0","0","-","0","-","0","-","0","-","0","-","0","-","0","-","0","-","0","-","0","-","0","简约模式","内测模式1（V、T）","非运维模式","无PCS","无制冷设备","无除湿机设备","232","192.168.10.208","84-39-141-160-51-201","EVE.0.5-240123","CHS-BOOT-V1.1 ","NB.HS01-250424","HV1.1.0-220830","存在单电池欠压故障","-","RT4过温故障严重报警; RT5过温故障严重报警","主正接触器:断开; 主负接触器:断开; 预充接触器:断开","DI1:断开; DI2:断开; DI3:断开; DI4:断开; DI5:断开; DI6:断开; DI7:断开; DI8:断开; DI9:断开; DI10:断开; DI11:断开","DO1:断开; DO2:断开; DO3:断开; DO4:断开; DO5:断开; DO6:断开; DO7:断开; DO8:断开; 地址自适应反馈:断开","0","0","0","0","0","0","0","0","0","0","30656","通过"
"35","2025-4-28 14:38:40","2025-4-27 22:36:42","总故障位触发","故障:存在常规严重故障位, 存在硬件故障总故障位, 存在保留故障总故障位","/:/","/:/","/:/","开路","严重","存在常规严重故障位; 存在硬件故障总故障位; 存在保留故障总故障位","保留绝缘电阻严重告警","0.0V","0.0A","30.0%","23.2%","30.0%","100.00%","0kWh","0kWh","0kWh","0kWh","125.0%","0.0%","100.0%","0Ah","0Ah","0Ah","0Ah","0.0kW","0.0kW","0","0","0","0","0","-","0","-","0","-","0","-","0","-","0","-","0","-","0","-","0","-","0","-","0","简约模式","内测模式1（V、T）","非运维模式","无PCS","无制冷设备","无除湿机设备","232","192.168.10.208","84-39-141-160-51-201","EVE.0.5-240123","CHS-BOOT-V1.1 ","NB.HS01-250424","HV1.1.0-220830","存在单电池欠压故障","-","RT4过温故障严重报警; RT5过温故障严重报警","主正接触器:断开; 主负接触器:断开; 预充接触器:断开","DI1:断开; DI2:断开; DI3:断开; DI4:断开; DI5:断开; DI6:断开; DI7:断开; DI8:断开; DI9:断开; DI10:断开; DI11:断开","DO1:断开; DO2:断开; DO3:断开; DO4:断开; DO5:断开; DO6:断开; DO7:断开; DO8:断开; 地址自适应反馈:断开","0","0","0","0","0","0","0","0","0","0","23641","通过"
"36","2025-4-28 14:38:40","2025-4-27 22:36:50","总故障位触发","故障:存在常规严重故障位, 存在硬件故障总故障位, 存在保留故障总故障位","/:/","/:/","/:/","开路","严重","存在常规严重故障位; 存在硬件故障总故障位; 存在保留故障总故障位","保留绝缘电阻严重告警","0.0V","0.0A","30.0%","23.2%","30.0%","100.00%","0kWh","0kWh","0kWh","0kWh","125.0%","0.0%","100.0%","0Ah","0Ah","0Ah","0Ah","0.0kW","0.0kW","0","0","0","0","0","-","0","-","0","-","0","-","0","-","0","-","0","-","0","-","0","-","0","-","0","简约模式","内测模式1（V、T）","非运维模式","无PCS","无制冷设备","无除湿机设备","232","192.168.10.208","84-39-141-160-51-201","EVE.0.5-240123","CHS-BOOT-V1.1 ","NB.HS01-250424","HV1.1.0-220830","存在单电池欠压故障","-","RT4过温故障严重报警; RT5过温故障严重报警","主正接触器:断开; 主负接触器:断开; 预充接触器:断开","DI1:断开; DI2:断开; DI3:断开; DI4:断开; DI5:断开; DI6:断开; DI7:断开; DI8:断开; DI9:断开; DI10:断开; DI11:断开","DO1:断开; DO2:断开; DO3:断开; DO4:断开; DO5:断开; DO6:断开; DO7:断开; DO8:断开; 地址自适应反馈:断开","0","0","0","0","0","0","0","0","0","0","43625","通过"
"37","2025-4-28 14:38:40","2025-4-27 22:36:50","总故障位触发","故障:存在常规严重故障位, 存在硬件故障总故障位, 存在保留故障总故障位","/:/","/:/","/:/","开路","严重","存在常规严重故障位; 存在硬件故障总故障位; 存在保留故障总故障位","保留绝缘电阻严重告警","0.0V","0.0A","30.0%","23.2%","30.0%","100.00%","0kWh","0kWh","0kWh","0kWh","125.0%","0.0%","100.0%","0Ah","0Ah","0Ah","0Ah","0.0kW","0.0kW","0","0","0","0","0","-","0","-","0","-","0","-","0","-","0","-","0","-","0","-","0","-","0","-","0","简约模式","内测模式1（V、T）","非运维模式","无PCS","无制冷设备","无除湿机设备","232","192.168.10.208","84-39-141-160-51-201","EVE.0.5-240123","CHS-BOOT-V1.1 ","NB.HS01-250424","HV1.1.0-220830","存在单电池欠压故障","-","RT4过温故障严重报警; RT5过温故障严重报警","主正接触器:断开; 主负接触器:断开; 预充接触器:断开","DI1:断开; DI2:断开; DI3:断开; DI4:断开; DI5:断开; DI6:断开; DI7:断开; DI8:断开; DI9:断开; DI10:断开; DI11:断开","DO1:断开; DO2:断开; DO3:断开; DO4:断开; DO5:断开; DO6:断开; DO7:断开; DO8:断开; 地址自适应反馈:断开","0","0","0","0","0","0","0","0","0","0","33264","通过"
"38","2025-4-28 14:38:40","2025-4-27 22:36:56","总故障位触发","故障:存在常规严重故障位, 存在硬件故障总故障位, 存在保留故障总故障位","/:/","/:/","/:/","开路","严重","存在常规严重故障位; 存在硬件故障总故障位; 存在保留故障总故障位","保留绝缘电阻严重告警","0.0V","0.0A","30.0%","23.2%","30.0%","100.00%","0kWh","0kWh","0kWh","0kWh","125.0%","0.0%","100.0%","0Ah","0Ah","0Ah","0Ah","0.0kW","0.0kW","0","0","0","0","0","-","0","-","0","-","0","-","0","-","0","-","0","-","0","-","0","-","0","-","0","简约模式","内测模式1（V、T）","非运维模式","无PCS","无制冷设备","无除湿机设备","232","192.168.10.208","84-39-141-160-51-201","EVE.0.5-240123","CHS-BOOT-V1.1 ","NB.HS01-250424","HV1.1.0-220830","存在单电池欠压故障","-","RT4过温故障严重报警; RT5过温故障严重报警","主正接触器:断开; 主负接触器:断开; 预充接触器:断开","DI1:断开; DI2:断开; DI3:断开; DI4:断开; DI5:断开; DI6:断开; DI7:断开; DI8:断开; DI9:断开; DI10:断开; DI11:断开","DO1:断开; DO2:断开; DO3:断开; DO4:断开; DO5:断开; DO6:断开; DO7:断开; DO8:断开; 地址自适应反馈:断开","0","0","0","0","0","0","0","0","0","0","33674","通过"
"39","2025-4-28 14:38:41","2025-4-27 22:36:56","总故障位触发","故障:存在常规严重故障位, 存在硬件故障总故障位, 存在保留故障总故障位","/:/","/:/","/:/","开路","严重","存在常规严重故障位; 存在硬件故障总故障位; 存在保留故障总故障位","保留绝缘电阻严重告警","0.0V","0.0A","30.0%","23.2%","30.0%","100.00%","0kWh","0kWh","0kWh","0kWh","125.0%","0.0%","100.0%","0Ah","0Ah","0Ah","0Ah","0.0kW","0.0kW","0","0","0","0","0","-","0","-","0","-","0","-","0","-","0","-","0","-","0","-","0","-","0","-","0","简约模式","内测模式1（V、T）","非运维模式","无PCS","无制冷设备","无除湿机设备","232","192.168.10.208","84-39-141-160-51-201","EVE.0.5-240123","CHS-BOOT-V1.1 ","NB.HS01-250424","HV1.1.0-220830","存在单电池欠压故障","-","RT4过温故障严重报警; RT5过温故障严重报警","主正接触器:断开; 主负接触器:断开; 预充接触器:断开","DI1:断开; DI2:断开; DI3:断开; DI4:断开; DI5:断开; DI6:断开; DI7:断开; DI8:断开; DI9:断开; DI10:断开; DI11:断开","DO1:断开; DO2:断开; DO3:断开; DO4:断开; DO5:断开; DO6:断开; DO7:断开; DO8:断开; 地址自适应反馈:断开","0","0","0","0","0","0","0","0","0","0","43027","通过"
"40","2025-4-28 14:38:41","2025-4-27 22:37:08","总故障位触发","故障:存在常规严重故障位, 存在硬件故障总故障位, 存在保留故障总故障位","/:/","/:/","/:/","开路","严重","存在常规严重故障位; 存在硬件故障总故障位; 存在保留故障总故障位","保留绝缘电阻严重告警","0.0V","0.0A","30.0%","23.2%","30.0%","100.00%","0kWh","0kWh","0kWh","0kWh","125.0%","0.0%","100.0%","0Ah","0Ah","0Ah","0Ah","0.0kW","0.0kW","0","0","0","0","0","-","0","-","0","-","0","-","0","-","0","-","0","-","0","-","0","-","0","-","0","简约模式","内测模式1（V、T）","非运维模式","无PCS","无制冷设备","无除湿机设备","232","192.168.10.208","84-39-141-160-51-201","EVE.0.5-240123","CHS-BOOT-V1.1 ","NB.HS01-250424","HV1.1.0-220830","存在单电池欠压故障","-","RT4过温故障严重报警; RT5过温故障严重报警","主正接触器:断开; 主负接触器:断开; 预充接触器:断开","DI1:断开; DI2:断开; DI3:断开; DI4:断开; DI5:断开; DI6:断开; DI7:断开; DI8:断开; DI9:断开; DI10:断开; DI11:断开","DO1:断开; DO2:断开; DO3:断开; DO4:断开; DO5:断开; DO6:断开; DO7:断开; DO8:断开; 地址自适应反馈:断开","0","0","0","0","0","0","0","0","0","0","13565","通过"
"41","2025-4-28 14:38:41","2025-4-27 22:37:08","总故障位触发","故障:存在常规严重故障位, 存在硬件故障总故障位, 存在保留故障总故障位","/:/","/:/","/:/","开路","严重","存在常规严重故障位; 存在硬件故障总故障位; 存在保留故障总故障位","保留绝缘电阻严重告警","0.0V","0.0A","30.0%","23.2%","30.0%","100.00%","0kWh","0kWh","0kWh","0kWh","125.0%","0.0%","100.0%","0Ah","0Ah","0Ah","0Ah","0.0kW","0.0kW","0","0","0","0","0","-","0","-","0","-","0","-","0","-","0","-","0","-","0","-","0","-","0","-","0","简约模式","内测模式1（V、T）","非运维模式","无PCS","无制冷设备","无除湿机设备","232","192.168.10.208","84-39-141-160-51-201","EVE.0.5-240123","CHS-BOOT-V1.1 ","NB.HS01-250424","HV1.1.0-220830","存在单电池欠压故障","-","RT4过温故障严重报警; RT5过温故障严重报警","主正接触器:断开; 主负接触器:断开; 预充接触器:断开","DI1:断开; DI2:断开; DI3:断开; DI4:断开; DI5:断开; DI6:断开; DI7:断开; DI8:断开; DI9:断开; DI10:断开; DI11:断开","DO1:断开; DO2:断开; DO3:断开; DO4:断开; DO5:断开; DO6:断开; DO7:断开; DO8:断开; 地址自适应反馈:断开","0","0","0","0","0","0","0","0","0","0","8036","通过"
"42","2025-4-28 14:38:41","2025-4-27 22:37:08","总故障位触发","故障:存在常规严重故障位, 存在硬件故障总故障位, 存在保留故障总故障位","/:/","/:/","/:/","开路","严重","存在常规严重故障位; 存在硬件故障总故障位; 存在保留故障总故障位","保留绝缘电阻严重告警","0.0V","0.0A","30.0%","23.2%","30.0%","100.00%","0kWh","0kWh","0kWh","0kWh","125.0%","0.0%","100.0%","0Ah","0Ah","0Ah","0Ah","0.0kW","0.0kW","0","0","0","0","0","-","0","-","0","-","0","-","0","-","0","-","0","-","0","-","0","-","0","-","0","简约模式","内测模式1（V、T）","非运维模式","无PCS","无制冷设备","无除湿机设备","232","192.168.10.208","84-39-141-160-51-201","EVE.0.5-240123","CHS-BOOT-V1.1 ","NB.HS01-250424","HV1.1.0-220830","存在单电池欠压故障","-","RT4过温故障严重报警; RT5过温故障严重报警","主正接触器:断开; 主负接触器:断开; 预充接触器:断开","DI1:断开; DI2:断开; DI3:断开; DI4:断开; DI5:断开; DI6:断开; DI7:断开; DI8:断开; DI9:断开; DI10:断开; DI11:断开","DO1:断开; DO2:断开; DO3:断开; DO4:断开; DO5:断开; DO6:断开; DO7:断开; DO8:断开; 地址自适应反馈:断开","0","0","0","0","0","0","0","0","0","0","13565","通过"
"43","2025-4-28 14:38:41","2025-4-27 22:37:08","总故障位触发","故障:存在常规严重故障位, 存在硬件故障总故障位, 存在保留故障总故障位","/:/","/:/","/:/","开路","严重","存在常规严重故障位; 存在硬件故障总故障位; 存在保留故障总故障位","保留绝缘电阻严重告警","0.0V","0.0A","30.0%","23.2%","30.0%","100.00%","0kWh","0kWh","0kWh","0kWh","125.0%","0.0%","100.0%","0Ah","0Ah","0Ah","0Ah","0.0kW","0.0kW","0","0","0","0","0","-","0","-","0","-","0","-","0","-","0","-","0","-","0","-","0","-","0","-","0","简约模式","内测模式1（V、T）","非运维模式","无PCS","无制冷设备","无除湿机设备","232","192.168.10.208","84-39-141-160-51-201","EVE.0.5-240123","CHS-BOOT-V1.1 ","NB.HS01-250424","HV1.1.0-220830","存在单电池欠压故障","-","RT4过温故障严重报警; RT5过温故障严重报警","主正接触器:断开; 主负接触器:断开; 预充接触器:断开","DI1:断开; DI2:断开; DI3:断开; DI4:断开; DI5:断开; DI6:断开; DI7:断开; DI8:断开; DI9:断开; DI10:断开; DI11:断开","DO1:断开; DO2:断开; DO3:断开; DO4:断开; DO5:断开; DO6:断开; DO7:断开; DO8:断开; 地址自适应反馈:断开","0","0","0","0","0","0","0","0","0","0","8036","通过"
"44","2025-4-28 14:38:41","2025-4-27 22:37:09","总故障位触发","故障:存在常规严重故障位, 存在硬件故障总故障位, 存在保留故障总故障位","/:/","/:/","/:/","开路","严重","存在常规严重故障位; 存在硬件故障总故障位; 存在保留故障总故障位","保留绝缘电阻严重告警","0.0V","0.0A","30.0%","23.2%","30.0%","100.00%","0kWh","0kWh","0kWh","0kWh","125.0%","0.0%","100.0%","0Ah","0Ah","0Ah","0Ah","0.0kW","0.0kW","0","0","0","0","0","-","0","-","0","-","0","-","0","-","0","-","0","-","0","-","0","-","0","-","0","简约模式","内测模式1（V、T）","非运维模式","无PCS","无制冷设备","无除湿机设备","232","192.168.10.208","84-39-141-160-51-201","EVE.0.5-240123","CHS-BOOT-V1.1 ","NB.HS01-250424","HV1.1.0-220830","存在单电池欠压故障","-","RT4过温故障严重报警; RT5过温故障严重报警","主正接触器:断开; 主负接触器:断开; 预充接触器:断开","DI1:断开; DI2:断开; DI3:断开; DI4:断开; DI5:断开; DI6:断开; DI7:断开; DI8:断开; DI9:断开; DI10:断开; DI11:断开","DO1:断开; DO2:断开; DO3:断开; DO4:断开; DO5:断开; DO6:断开; DO7:断开; DO8:断开; 地址自适应反馈:断开","0","0","0","0","0","0","0","0","0","0","39084","通过"
"45","2025-4-28 14:38:41","2025-4-27 22:37:09","总故障位触发","故障:存在常规严重故障位, 存在硬件故障总故障位, 存在保留故障总故障位","/:/","/:/","/:/","开路","严重","存在常规严重故障位; 存在硬件故障总故障位; 存在保留故障总故障位","保留绝缘电阻严重告警","0.0V","0.0A","30.0%","23.2%","30.0%","100.00%","0kWh","0kWh","0kWh","0kWh","125.0%","0.0%","100.0%","0Ah","0Ah","0Ah","0Ah","0.0kW","0.0kW","0","0","0","0","0","-","0","-","0","-","0","-","0","-","0","-","0","-","0","-","0","-","0","-","0","简约模式","内测模式1（V、T）","非运维模式","无PCS","无制冷设备","无除湿机设备","232","192.168.10.208","84-39-141-160-51-201","EVE.0.5-240123","CHS-BOOT-V1.1 ","NB.HS01-250424","HV1.1.0-220830","存在单电池欠压故障","-","RT4过温故障严重报警; RT5过温故障严重报警","主正接触器:断开; 主负接触器:断开; 预充接触器:断开","DI1:断开; DI2:断开; DI3:断开; DI4:断开; DI5:断开; DI6:断开; DI7:断开; DI8:断开; DI9:断开; DI10:断开; DI11:断开","DO1:断开; DO2:断开; DO3:断开; DO4:断开; DO5:断开; DO6:断开; DO7:断开; DO8:断开; 地址自适应反馈:断开","0","0","0","0","0","0","0","0","0","0","45877","通过"
"46","2025-4-28 14:38:41","2025-4-27 22:37:42","总故障位触发","故障:存在常规严重故障位, 存在硬件故障总故障位, 存在保留故障总故障位","/:/","/:/","/:/","开路","严重","存在常规严重故障位; 存在硬件故障总故障位; 存在保留故障总故障位","保留绝缘电阻严重告警","0.0V","0.0A","30.0%","23.2%","30.0%","100.00%","0kWh","0kWh","0kWh","0kWh","125.0%","0.0%","100.0%","0Ah","0Ah","0Ah","0Ah","0.0kW","0.0kW","0","0","0","0","0","-","0","-","0","-","0","-","0","-","0","-","0","-","0","-","0","-","0","-","0","简约模式","内测模式1（V、T）","非运维模式","无PCS","无制冷设备","无除湿机设备","232","192.168.10.208","84-39-141-160-51-201","EVE.0.5-240123","CHS-BOOT-V1.1 ","NB.HS01-250424","HV1.1.0-220830","存在单电池欠压故障","-","RT4过温故障严重报警; RT5过温故障严重报警","主正接触器:断开; 主负接触器:断开; 预充接触器:断开","DI1:断开; DI2:断开; DI3:断开; DI4:断开; DI5:断开; DI6:断开; DI7:断开; DI8:断开; DI9:断开; DI10:断开; DI11:断开","DO1:断开; DO2:断开; DO3:断开; DO4:断开; DO5:断开; DO6:断开; DO7:断开; DO8:断开; 地址自适应反馈:断开","0","0","0","0","0","0","0","0","0","0","39677","通过"
"47","2025-4-28 14:38:41","2025-4-27 22:37:42","总故障位触发","故障:存在常规严重故障位, 存在硬件故障总故障位, 存在保留故障总故障位","/:/","/:/","/:/","开路","严重","存在常规严重故障位; 存在硬件故障总故障位; 存在保留故障总故障位","保留绝缘电阻严重告警","0.0V","0.0A","30.0%","23.2%","30.0%","100.00%","0kWh","0kWh","0kWh","0kWh","125.0%","0.0%","100.0%","0Ah","0Ah","0Ah","0Ah","0.0kW","0.0kW","0","0","0","0","0","-","0","-","0","-","0","-","0","-","0","-","0","-","0","-","0","-","0","-","0","简约模式","内测模式1（V、T）","非运维模式","无PCS","无制冷设备","无除湿机设备","232","192.168.10.208","84-39-141-160-51-201","EVE.0.5-240123","CHS-BOOT-V1.1 ","NB.HS01-250424","HV1.1.0-220830","存在单电池欠压故障","-","RT4过温故障严重报警; RT5过温故障严重报警","主正接触器:断开; 主负接触器:断开; 预充接触器:断开","DI1:断开; DI2:断开; DI3:断开; DI4:断开; DI5:断开; DI6:断开; DI7:断开; DI8:断开; DI9:断开; DI10:断开; DI11:断开","DO1:断开; DO2:断开; DO3:断开; DO4:断开; DO5:断开; DO6:断开; DO7:断开; DO8:断开; 地址自适应反馈:断开","0","0","0","0","0","0","0","0","0","0","45412","通过"
"48","2025-4-28 14:38:41","2025-4-27 22:37:53","总故障位触发","故障:存在常规严重故障位, 存在硬件故障总故障位, 存在保留故障总故障位","/:/","/:/","/:/","开路","严重","存在常规严重故障位; 存在硬件故障总故障位; 存在保留故障总故障位","保留绝缘电阻严重告警","0.0V","0.0A","30.0%","23.2%","30.0%","100.00%","0kWh","0kWh","0kWh","0kWh","125.0%","0.0%","100.0%","0Ah","0Ah","0Ah","0Ah","0.0kW","0.0kW","0","0","0","0","0","-","0","-","0","-","0","-","0","-","0","-","0","-","0","-","0","-","0","-","0","简约模式","内测模式1（V、T）","非运维模式","无PCS","无制冷设备","无除湿机设备","232","192.168.10.208","84-39-141-160-51-201","EVE.0.5-240123","CHS-BOOT-V1.1 ","NB.HS01-250424","HV1.1.0-220830","存在单电池欠压故障","-","RT4过温故障严重报警; RT5过温故障严重报警","主正接触器:断开; 主负接触器:断开; 预充接触器:断开","DI1:断开; DI2:断开; DI3:断开; DI4:断开; DI5:断开; DI6:断开; DI7:断开; DI8:断开; DI9:断开; DI10:断开; DI11:断开","DO1:断开; DO2:断开; DO3:断开; DO4:断开; DO5:断开; DO6:断开; DO7:断开; DO8:断开; 地址自适应反馈:断开","0","0","0","0","0","0","0","0","0","0","62372","通过"
"49","2025-4-28 14:38:41","2025-4-27 22:37:53","总故障位触发","故障:存在常规严重故障位, 存在硬件故障总故障位, 存在保留故障总故障位","/:/","/:/","/:/","开路","严重","存在常规严重故障位; 存在硬件故障总故障位; 存在保留故障总故障位","保留绝缘电阻严重告警","0.0V","0.0A","30.0%","23.2%","30.0%","100.00%","0kWh","0kWh","0kWh","0kWh","125.0%","0.0%","100.0%","0Ah","0Ah","0Ah","0Ah","0.0kW","0.0kW","0","0","0","0","0","-","0","-","0","-","0","-","0","-","0","-","0","-","0","-","0","-","0","-","0","简约模式","内测模式1（V、T）","非运维模式","无PCS","无制冷设备","无除湿机设备","232","192.168.10.208","84-39-141-160-51-201","EVE.0.5-240123","CHS-BOOT-V1.1 ","NB.HS01-250424","HV1.1.0-220830","存在单电池欠压故障","-","RT4过温故障严重报警; RT5过温故障严重报警","主正接触器:断开; 主负接触器:断开; 预充接触器:断开","DI1:断开; DI2:断开; DI3:断开; DI4:断开; DI5:断开; DI6:断开; DI7:断开; DI8:断开; DI9:断开; DI10:断开; DI11:断开","DO1:断开; DO2:断开; DO3:断开; DO4:断开; DO5:断开; DO6:断开; DO7:断开; DO8:断开; 地址自适应反馈:断开","0","0","0","0","0","0","0","0","0","0","55357","通过"
"50","2025-4-28 14:38:41","2025-4-27 22:37:54","总故障位触发","故障:存在常规严重故障位, 存在硬件故障总故障位, 存在保留故障总故障位","/:/","/:/","/:/","开路","严重","存在常规严重故障位; 存在硬件故障总故障位; 存在保留故障总故障位","保留绝缘电阻严重告警","0.0V","0.0A","30.0%","23.2%","30.0%","100.00%","0kWh","0kWh","0kWh","0kWh","125.0%","0.0%","100.0%","0Ah","0Ah","0Ah","0Ah","0.0kW","0.0kW","0","0","0","0","0","-","0","-","0","-","0","-","0","-","0","-","0","-","0","-","0","-","0","-","0","简约模式","内测模式1（V、T）","非运维模式","无PCS","无制冷设备","无除湿机设备","232","192.168.10.208","84-39-141-160-51-201","EVE.0.5-240123","CHS-BOOT-V1.1 ","NB.HS01-250424","HV1.1.0-220830","存在单电池欠压故障","-","RT4过温故障严重报警; RT5过温故障严重报警","主正接触器:断开; 主负接触器:断开; 预充接触器:断开","DI1:断开; DI2:断开; DI3:断开; DI4:断开; DI5:断开; DI6:断开; DI7:断开; DI8:断开; DI9:断开; DI10:断开; DI11:断开","DO1:断开; DO2:断开; DO3:断开; DO4:断开; DO5:断开; DO6:断开; DO7:断开; DO8:断开; 地址自适应反馈:断开","0","0","0","0","0","0","0","0","0","0","30230","通过"
"51","2025-4-28 14:38:41","2025-4-27 22:37:54","总故障位触发","故障:存在常规严重故障位, 存在硬件故障总故障位, 存在保留故障总故障位","/:/","/:/","/:/","开路","严重","存在常规严重故障位; 存在硬件故障总故障位; 存在保留故障总故障位","保留绝缘电阻严重告警","0.0V","0.0A","30.0%","23.2%","30.0%","100.00%","0kWh","0kWh","0kWh","0kWh","125.0%","0.0%","100.0%","0Ah","0Ah","0Ah","0Ah","0.0kW","0.0kW","0","0","0","0","0","-","0","-","0","-","0","-","0","-","0","-","0","-","0","-","0","-","0","-","0","简约模式","内测模式1（V、T）","非运维模式","无PCS","无制冷设备","无除湿机设备","232","192.168.10.208","84-39-141-160-51-201","EVE.0.5-240123","CHS-BOOT-V1.1 ","NB.HS01-250424","HV1.1.0-220830","存在单电池欠压故障","-","RT4过温故障严重报警; RT5过温故障严重报警","主正接触器:断开; 主负接触器:断开; 预充接触器:断开","DI1:断开; DI2:断开; DI3:断开; DI4:断开; DI5:断开; DI6:断开; DI7:断开; DI8:断开; DI9:断开; DI10:断开; DI11:断开","DO1:断开; DO2:断开; DO3:断开; DO4:断开; DO5:断开; DO6:断开; DO7:断开; DO8:断开; 地址自适应反馈:断开","0","0","0","0","0","0","0","0","0","0","23951","通过"
"52","2025-4-28 14:38:41","2025-4-27 22:38:47","总故障位触发","故障:存在常规严重故障位, 存在硬件故障总故障位, 存在保留故障总故障位","/:/","/:/","/:/","开路","严重","存在常规严重故障位; 存在硬件故障总故障位; 存在保留故障总故障位","保留绝缘电阻严重告警","0.0V","0.0A","30.0%","23.2%","30.0%","100.00%","0kWh","0kWh","0kWh","0kWh","125.0%","0.0%","100.0%","0Ah","0Ah","0Ah","0Ah","0.0kW","0.0kW","0","0","0","0","0","-","0","-","0","-","0","-","0","-","0","-","0","-","0","-","0","-","0","-","0","简约模式","内测模式1（V、T）","非运维模式","无PCS","无制冷设备","无除湿机设备","232","192.168.10.208","84-39-141-160-51-201","EVE.0.5-240123","CHS-BOOT-V1.1 ","NB.HS01-250424","HV1.1.0-220830","存在单电池欠压故障","-","RT4过温故障严重报警; RT5过温故障严重报警","主正接触器:断开; 主负接触器:断开; 预充接触器:断开","DI1:断开; DI2:断开; DI3:断开; DI4:断开; DI5:断开; DI6:断开; DI7:断开; DI8:断开; DI9:断开; DI10:断开; DI11:断开","DO1:断开; DO2:断开; DO3:断开; DO4:断开; DO5:断开; DO6:断开; DO7:断开; DO8:断开; 地址自适应反馈:断开","0","0","0","0","0","0","0","0","0","0","60857","通过"
"53","2025-4-28 14:38:41","2025-4-27 22:38:48","总故障位触发","故障:存在常规严重故障位, 存在硬件故障总故障位, 存在保留故障总故障位","/:/","/:/","/:/","开路","严重","存在常规严重故障位; 存在硬件故障总故障位; 存在保留故障总故障位","保留绝缘电阻严重告警","0.0V","0.0A","30.0%","23.2%","30.0%","100.00%","0kWh","0kWh","0kWh","0kWh","125.0%","0.0%","100.0%","0Ah","0Ah","0Ah","0Ah","0.0kW","0.0kW","0","0","0","0","0","-","0","-","0","-","0","-","0","-","0","-","0","-","0","-","0","-","0","-","0","简约模式","内测模式1（V、T）","非运维模式","无PCS","无制冷设备","无除湿机设备","232","192.168.10.208","84-39-141-160-51-201","EVE.0.5-240123","CHS-BOOT-V1.1 ","NB.HS01-250424","HV1.1.0-220830","存在单电池欠压故障","-","RT4过温故障严重报警; RT5过温故障严重报警","主正接触器:断开; 主负接触器:断开; 预充接触器:断开","DI1:断开; DI2:断开; DI3:断开; DI4:断开; DI5:断开; DI6:断开; DI7:断开; DI8:断开; DI9:断开; DI10:断开; DI11:断开","DO1:断开; DO2:断开; DO3:断开; DO4:断开; DO5:断开; DO6:断开; DO7:断开; DO8:断开; 地址自适应反馈:断开","0","0","0","0","0","0","0","0","0","0","8470","通过"
"54","2025-4-28 14:38:41","2025-4-27 22:38:53","总故障位触发","故障:存在常规严重故障位, 存在硬件故障总故障位, 存在保留故障总故障位","/:/","/:/","/:/","开路","严重","存在常规严重故障位; 存在硬件故障总故障位; 存在保留故障总故障位","保留绝缘电阻严重告警","0.0V","0.0A","30.0%","23.2%","30.0%","100.00%","0kWh","0kWh","0kWh","0kWh","125.0%","0.0%","100.0%","0Ah","0Ah","0Ah","0Ah","0.0kW","0.0kW","0","0","0","0","0","-","0","-","0","-","0","-","0","-","0","-","0","-","0","-","0","-","0","-","0","简约模式","内测模式1（V、T）","非运维模式","无PCS","无制冷设备","无除湿机设备","232","192.168.10.208","84-39-141-160-51-201","EVE.0.5-240123","CHS-BOOT-V1.1 ","NB.HS01-250424","HV1.1.0-220830","存在单电池欠压故障","-","RT4过温故障严重报警; RT5过温故障严重报警","主正接触器:断开; 主负接触器:断开; 预充接触器:断开","DI1:断开; DI2:断开; DI3:断开; DI4:断开; DI5:断开; DI6:断开; DI7:断开; DI8:断开; DI9:断开; DI10:断开; DI11:断开","DO1:断开; DO2:断开; DO3:断开; DO4:断开; DO5:断开; DO6:断开; DO7:断开; DO8:断开; 地址自适应反馈:断开","0","0","0","0","0","0","0","0","0","0","6643","通过"
"55","2025-4-28 14:38:41","2025-4-27 22:38:53","总故障位触发","故障:存在常规严重故障位, 存在硬件故障总故障位, 存在保留故障总故障位","/:/","/:/","/:/","开路","严重","存在常规严重故障位; 存在硬件故障总故障位; 存在保留故障总故障位","保留绝缘电阻严重告警","0.0V","0.0A","30.0%","23.2%","30.0%","100.00%","0kWh","0kWh","0kWh","0kWh","125.0%","0.0%","100.0%","0Ah","0Ah","0Ah","0Ah","0.0kW","0.0kW","0","0","0","0","0","-","0","-","0","-","0","-","0","-","0","-","0","-","0","-","0","-","0","-","0","简约模式","内测模式1（V、T）","非运维模式","无PCS","无制冷设备","无除湿机设备","232","192.168.10.208","84-39-141-160-51-201","EVE.0.5-240123","CHS-BOOT-V1.1 ","NB.HS01-250424","HV1.1.0-220830","存在单电池欠压故障","-","RT4过温故障严重报警; RT5过温故障严重报警","主正接触器:断开; 主负接触器:断开; 预充接触器:断开","DI1:断开; DI2:断开; DI3:断开; DI4:断开; DI5:断开; DI6:断开; DI7:断开; DI8:断开; DI9:断开; DI10:断开; DI11:断开","DO1:断开; DO2:断开; DO3:断开; DO4:断开; DO5:断开; DO6:断开; DO7:断开; DO8:断开; 地址自适应反馈:断开","0","0","0","0","0","0","0","0","0","0","12906","通过"
"56","2025-4-28 14:38:41","2025-4-27 22:39:19","总故障位触发","故障:存在常规严重故障位, 存在硬件故障总故障位, 存在保留故障总故障位","/:/","/:/","/:/","开路","严重","存在常规严重故障位; 存在硬件故障总故障位; 存在保留故障总故障位","保留绝缘电阻严重告警","0.0V","0.0A","30.0%","23.2%","30.0%","100.00%","0kWh","0kWh","0kWh","0kWh","125.0%","0.0%","100.0%","0Ah","0Ah","0Ah","0Ah","0.0kW","0.0kW","0","0","0","0","0","-","0","-","0","-","0","-","0","-","0","-","0","-","0","-","0","-","0","-","0","简约模式","内测模式1（V、T）","非运维模式","无PCS","无制冷设备","无除湿机设备","232","192.168.10.208","84-39-141-160-51-201","EVE.0.5-240123","CHS-BOOT-V1.1 ","NB.HS01-250424","HV1.1.0-220830","存在单电池欠压故障","-","RT4过温故障严重报警; RT5过温故障严重报警","主正接触器:断开; 主负接触器:断开; 预充接触器:断开","DI1:断开; DI2:断开; DI3:断开; DI4:断开; DI5:断开; DI6:断开; DI7:断开; DI8:断开; DI9:断开; DI10:断开; DI11:断开","DO1:断开; DO2:断开; DO3:断开; DO4:断开; DO5:断开; DO6:断开; DO7:断开; DO8:断开; 地址自适应反馈:断开","0","0","0","0","0","0","0","0","0","0","23246","通过"
"57","2025-4-28 14:38:41","2025-4-27 22:39:20","总故障位触发","故障:存在常规严重故障位, 存在硬件故障总故障位, 存在保留故障总故障位","/:/","/:/","/:/","开路","严重","存在常规严重故障位; 存在硬件故障总故障位; 存在保留故障总故障位","保留绝缘电阻严重告警","0.0V","0.0A","30.0%","23.2%","30.0%","100.00%","0kWh","0kWh","0kWh","0kWh","125.0%","0.0%","100.0%","0Ah","0Ah","0Ah","0Ah","0.0kW","0.0kW","0","0","0","0","0","-","0","-","0","-","0","-","0","-","0","-","0","-","0","-","0","-","0","-","0","简约模式","内测模式1（V、T）","非运维模式","无PCS","无制冷设备","无除湿机设备","232","192.168.10.208","84-39-141-160-51-201","EVE.0.5-240123","CHS-BOOT-V1.1 ","NB.HS01-250424","HV1.1.0-220830","存在单电池欠压故障","-","RT4过温故障严重报警; RT5过温故障严重报警","主正接触器:断开; 主负接触器:断开; 预充接触器:断开","DI1:断开; DI2:断开; DI3:断开; DI4:断开; DI5:断开; DI6:断开; DI7:断开; DI8:断开; DI9:断开; DI10:断开; DI11:断开","DO1:断开; DO2:断开; DO3:断开; DO4:断开; DO5:断开; DO6:断开; DO7:断开; DO8:断开; 地址自适应反馈:断开","0","0","0","0","0","0","0","0","0","0","45209","通过"
"58","2025-4-28 14:38:41","2025-4-27 22:40:16","总故障位触发","故障:存在常规严重故障位, 存在硬件故障总故障位, 存在保留故障总故障位","/:/","/:/","/:/","开路","严重","存在常规严重故障位; 存在硬件故障总故障位; 存在保留故障总故障位","保留绝缘电阻严重告警","0.0V","0.0A","30.0%","23.2%","30.0%","100.00%","0kWh","0kWh","0kWh","0kWh","125.0%","0.0%","100.0%","0Ah","0Ah","0Ah","0Ah","0.0kW","0.0kW","0","0","0","0","0","-","0","-","0","-","0","-","0","-","0","-","0","-","0","-","0","-","0","-","0","简约模式","内测模式1（V、T）","非运维模式","无PCS","无制冷设备","无除湿机设备","232","192.168.10.208","84-39-141-160-51-201","EVE.0.5-240123","CHS-BOOT-V1.1 ","NB.HS01-250424","HV1.1.0-220830","存在单电池欠压故障","-","RT4过温故障严重报警; RT5过温故障严重报警","主正接触器:断开; 主负接触器:断开; 预充接触器:断开","DI1:断开; DI2:断开; DI3:断开; DI4:断开; DI5:断开; DI6:断开; DI7:断开; DI8:断开; DI9:断开; DI10:断开; DI11:断开","DO1:断开; DO2:断开; DO3:断开; DO4:断开; DO5:断开; DO6:断开; DO7:断开; DO8:断开; 地址自适应反馈:断开","0","0","0","0","0","0","0","0","0","0","33399","通过"
"59","2025-4-28 14:38:41","2025-4-27 22:40:16","总故障位触发","故障:存在常规严重故障位, 存在硬件故障总故障位, 存在保留故障总故障位","/:/","/:/","/:/","开路","严重","存在常规严重故障位; 存在硬件故障总故障位; 存在保留故障总故障位","保留绝缘电阻严重告警","0.0V","0.0A","30.0%","23.2%","30.0%","100.00%","0kWh","0kWh","0kWh","0kWh","125.0%","0.0%","100.0%","0Ah","0Ah","0Ah","0Ah","0.0kW","0.0kW","0","0","0","0","0","-","0","-","0","-","0","-","0","-","0","-","0","-","0","-","0","-","0","-","0","简约模式","内测模式1（V、T）","非运维模式","无PCS","无制冷设备","无除湿机设备","232","192.168.10.208","84-39-141-160-51-201","EVE.0.5-240123","CHS-BOOT-V1.1 ","NB.HS01-250424","HV1.1.0-220830","存在单电池欠压故障","-","RT4过温故障严重报警; RT5过温故障严重报警","主正接触器:断开; 主负接触器:断开; 预充接触器:断开","DI1:断开; DI2:断开; DI3:断开; DI4:断开; DI5:断开; DI6:断开; DI7:断开; DI8:断开; DI9:断开; DI10:断开; DI11:断开","DO1:断开; DO2:断开; DO3:断开; DO4:断开; DO5:断开; DO6:断开; DO7:断开; DO8:断开; 地址自适应反馈:断开","0","0","0","0","0","0","0","0","0","0","43502","通过"
"60","2025-4-28 14:38:41","2025-4-27 22:40:34","总故障位触发","故障:存在常规严重故障位, 存在硬件故障总故障位, 存在保留故障总故障位","/:/","/:/","/:/","开路","严重","存在常规严重故障位; 存在硬件故障总故障位; 存在保留故障总故障位","保留绝缘电阻严重告警","0.0V","0.0A","30.0%","23.2%","30.0%","100.00%","0kWh","0kWh","0kWh","0kWh","125.0%","0.0%","100.0%","0Ah","0Ah","0Ah","0Ah","0.0kW","0.0kW","0","0","0","0","0","-","0","-","0","-","0","-","0","-","0","-","0","-","0","-","0","-","0","-","0","简约模式","内测模式1（V、T）","非运维模式","无PCS","无制冷设备","无除湿机设备","232","192.168.10.208","84-39-141-160-51-201","EVE.0.5-240123","CHS-BOOT-V1.1 ","NB.HS01-250424","HV1.1.0-220830","存在单电池欠压故障","-","RT4过温故障严重报警; RT5过温故障严重报警","主正接触器:断开; 主负接触器:断开; 预充接触器:断开","DI1:断开; DI2:断开; DI3:断开; DI4:断开; DI5:断开; DI6:断开; DI7:断开; DI8:断开; DI9:断开; DI10:断开; DI11:断开","DO1:断开; DO2:断开; DO3:断开; DO4:断开; DO5:断开; DO6:断开; DO7:断开; DO8:断开; 地址自适应反馈:断开","0","0","0","0","0","0","0","0","0","0","20677","通过"
"61","2025-4-28 14:38:41","2025-4-27 22:40:34","总故障位触发","故障:存在常规严重故障位, 存在硬件故障总故障位, 存在保留故障总故障位","/:/","/:/","/:/","开路","严重","存在常规严重故障位; 存在硬件故障总故障位; 存在保留故障总故障位","保留绝缘电阻严重告警","0.0V","0.0A","30.0%","23.2%","30.0%","100.00%","0kWh","0kWh","0kWh","0kWh","125.0%","0.0%","100.0%","0Ah","0Ah","0Ah","0Ah","0.0kW","0.0kW","0","0","0","0","0","-","0","-","0","-","0","-","0","-","0","-","0","-","0","-","0","-","0","-","0","简约模式","内测模式1（V、T）","非运维模式","无PCS","无制冷设备","无除湿机设备","232","192.168.10.208","84-39-141-160-51-201","EVE.0.5-240123","CHS-BOOT-V1.1 ","NB.HS01-250424","HV1.1.0-220830","存在单电池欠压故障","-","RT4过温故障严重报警; RT5过温故障严重报警","主正接触器:断开; 主负接触器:断开; 预充接触器:断开","DI1:断开; DI2:断开; DI3:断开; DI4:断开; DI5:断开; DI6:断开; DI7:断开; DI8:断开; DI9:断开; DI10:断开; DI11:断开","DO1:断开; DO2:断开; DO3:断开; DO4:断开; DO5:断开; DO6:断开; DO7:断开; DO8:断开; 地址自适应反馈:断开","0","0","0","0","0","0","0","0","0","0","31580","通过"
"62","2025-4-28 14:38:41","2025-4-27 22:40:34","总故障位触发","故障:存在常规严重故障位, 存在硬件故障总故障位, 存在保留故障总故障位","/:/","/:/","/:/","开路","严重","存在常规严重故障位; 存在硬件故障总故障位; 存在保留故障总故障位","保留绝缘电阻严重告警","0.0V","0.0A","30.0%","23.2%","30.0%","100.00%","0kWh","0kWh","0kWh","0kWh","125.0%","0.0%","100.0%","0Ah","0Ah","0Ah","0Ah","0.0kW","0.0kW","0","0","0","0","0","-","0","-","0","-","0","-","0","-","0","-","0","-","0","-","0","-","0","-","0","简约模式","内测模式1（V、T）","非运维模式","无PCS","无制冷设备","无除湿机设备","232","192.168.10.208","84-39-141-160-51-201","EVE.0.5-240123","CHS-BOOT-V1.1 ","NB.HS01-250424","HV1.1.0-220830","存在单电池欠压故障","-","RT4过温故障严重报警; RT5过温故障严重报警","主正接触器:断开; 主负接触器:断开; 预充接触器:断开","DI1:断开; DI2:断开; DI3:断开; DI4:断开; DI5:断开; DI6:断开; DI7:断开; DI8:断开; DI9:断开; DI10:断开; DI11:断开","DO1:断开; DO2:断开; DO3:断开; DO4:断开; DO5:断开; DO6:断开; DO7:断开; DO8:断开; 地址自适应反馈:断开","0","0","0","0","0","0","0","0","0","0","20677","通过"
"63","2025-4-28 14:38:41","2025-4-27 22:40:34","总故障位触发","故障:存在常规严重故障位, 存在硬件故障总故障位, 存在保留故障总故障位","/:/","/:/","/:/","开路","严重","存在常规严重故障位; 存在硬件故障总故障位; 存在保留故障总故障位","保留绝缘电阻严重告警","0.0V","0.0A","30.0%","23.2%","30.0%","100.00%","0kWh","0kWh","0kWh","0kWh","125.0%","0.0%","100.0%","0Ah","0Ah","0Ah","0Ah","0.0kW","0.0kW","0","0","0","0","0","-","0","-","0","-","0","-","0","-","0","-","0","-","0","-","0","-","0","-","0","简约模式","内测模式1（V、T）","非运维模式","无PCS","无制冷设备","无除湿机设备","232","192.168.10.208","84-39-141-160-51-201","EVE.0.5-240123","CHS-BOOT-V1.1 ","NB.HS01-250424","HV1.1.0-220830","存在单电池欠压故障","-","RT4过温故障严重报警; RT5过温故障严重报警","主正接触器:断开; 主负接触器:断开; 预充接触器:断开","DI1:断开; DI2:断开; DI3:断开; DI4:断开; DI5:断开; DI6:断开; DI7:断开; DI8:断开; DI9:断开; DI10:断开; DI11:断开","DO1:断开; DO2:断开; DO3:断开; DO4:断开; DO5:断开; DO6:断开; DO7:断开; DO8:断开; 地址自适应反馈:断开","0","0","0","0","0","0","0","0","0","0","31580","通过"
"64","2025-4-28 14:38:41","2025-4-27 22:40:35","总故障位触发","故障:存在常规严重故障位, 存在硬件故障总故障位, 存在保留故障总故障位","/:/","/:/","/:/","开路","严重","存在常规严重故障位; 存在硬件故障总故障位; 存在保留故障总故障位","保留绝缘电阻严重告警","0.0V","0.0A","30.0%","23.2%","30.0%","100.00%","0kWh","0kWh","0kWh","0kWh","125.0%","0.0%","100.0%","0Ah","0Ah","0Ah","0Ah","0.0kW","0.0kW","0","0","0","0","0","-","0","-","0","-","0","-","0","-","0","-","0","-","0","-","0","-","0","-","0","简约模式","内测模式1（V、T）","非运维模式","无PCS","无制冷设备","无除湿机设备","232","192.168.10.208","84-39-141-160-51-201","EVE.0.5-240123","CHS-BOOT-V1.1 ","NB.HS01-250424","HV1.1.0-220830","存在单电池欠压故障","-","RT4过温故障严重报警; RT5过温故障严重报警","主正接触器:断开; 主负接触器:断开; 预充接触器:断开","DI1:断开; DI2:断开; DI3:断开; DI4:断开; DI5:断开; DI6:断开; DI7:断开; DI8:断开; DI9:断开; DI10:断开; DI11:断开","DO1:断开; DO2:断开; DO3:断开; DO4:断开; DO5:断开; DO6:断开; DO7:断开; DO8:断开; 地址自适应反馈:断开","0","0","0","0","0","0","0","0","0","0","64660","通过"
"65","2025-4-28 14:38:41","2025-4-27 22:40:35","总故障位触发","故障:存在常规严重故障位, 存在硬件故障总故障位, 存在保留故障总故障位","/:/","/:/","/:/","开路","严重","存在常规严重故障位; 存在硬件故障总故障位; 存在保留故障总故障位","保留绝缘电阻严重告警","0.0V","0.0A","30.0%","23.2%","30.0%","100.00%","0kWh","0kWh","0kWh","0kWh","125.0%","0.0%","100.0%","0Ah","0Ah","0Ah","0Ah","0.0kW","0.0kW","0","0","0","0","0","-","0","-","0","-","0","-","0","-","0","-","0","-","0","-","0","-","0","-","0","简约模式","内测模式1（V、T）","非运维模式","无PCS","无制冷设备","无除湿机设备","232","192.168.10.208","84-39-141-160-51-201","EVE.0.5-240123","CHS-BOOT-V1.1 ","NB.HS01-250424","HV1.1.0-220830","存在单电池欠压故障","-","RT4过温故障严重报警; RT5过温故障严重报警","主正接触器:断开; 主负接触器:断开; 预充接触器:断开","DI1:断开; DI2:断开; DI3:断开; DI4:断开; DI5:断开; DI6:断开; DI7:断开; DI8:断开; DI9:断开; DI10:断开; DI11:断开","DO1:断开; DO2:断开; DO3:断开; DO4:断开; DO5:断开; DO6:断开; DO7:断开; DO8:断开; 地址自适应反馈:断开","0","0","0","0","0","0","0","0","0","0","55053","通过"
"66","2025-4-28 14:38:41","2025-4-27 22:40:47","通讯/采集失联类故障","故障:","/:/","/:/","/:/","开路","严重","存在常规严重故障位; 存在硬件故障总故障位; 存在保留故障总故障位","保留绝缘电阻严重告警","0.0V","0.0A","30.0%","23.2%","30.0%","100.00%","0kWh","0kWh","0kWh","0kWh","125.0%","0.0%","100.0%","0Ah","0Ah","0Ah","0Ah","0.0kW","0.0kW","0","0","0","0","0","-","0","-","0","-","0","-","0","-","0","-","0","-","0","-","0","-","0","-","0","简约模式","内测模式1（V、T）","非运维模式","无PCS","无制冷设备","无除湿机设备","232","192.168.10.208","84-39-141-160-51-201","EVE.0.5-240123","CHS-BOOT-V1.1 ","NB.HS01-250424","HV1.1.0-220830","存在单电池欠压故障","-","RT4过温故障严重报警; RT5过温故障严重报警","主正接触器:断开; 主负接触器:断开; 预充接触器:断开","DI1:断开; DI2:断开; DI3:断开; DI4:断开; DI5:断开; DI6:断开; DI7:断开; DI8:断开; DI9:断开; DI10:断开; DI11:断开","DO1:断开; DO2:断开; DO3:断开; DO4:断开; DO5:断开; DO6:断开; DO7:断开; DO8:断开; 地址自适应反馈:断开","0","0","0","0","0","0","0","0","0","0","38664","通过"
"67","2025-4-28 14:38:41","2025-4-27 22:40:47","总故障位触发","故障:存在常规严重故障位, 存在保留故障总故障位","/:/","/:/","/:/","开路","严重","存在常规严重故障位; 存在保留故障总故障位","保留绝缘电阻严重告警","0.0V","0.0A","30.0%","23.2%","30.0%","100.00%","0kWh","0kWh","0kWh","0kWh","125.0%","0.0%","100.0%","0Ah","0Ah","0Ah","0Ah","0.0kW","0.0kW","0","0","0","0","0","-","0","-","0","-","0","-","0","-","0","-","0","-","0","-","0","-","0","-","0","简约模式","内测模式1（V、T）","非运维模式","无PCS","无制冷设备","无除湿机设备","232","192.168.10.208","84-39-141-160-51-201","EVE.0.5-240123","CHS-BOOT-V1.1 ","NB.HS01-250424","HV1.1.0-220830","存在单电池欠压故障","-","RT4过温故障严重报警; RT5过温故障严重报警","主正接触器:断开; 主负接触器:断开; 预充接触器:断开","DI1:断开; DI2:断开; DI3:断开; DI4:断开; DI5:断开; DI6:断开; DI7:断开; DI8:断开; DI9:断开; DI10:断开; DI11:断开","DO1:断开; DO2:断开; DO3:断开; DO4:断开; DO5:断开; DO6:断开; DO7:断开; DO8:断开; 地址自适应反馈:断开","0","0","0","0","0","0","0","0","0","0","8158","通过"
"68","2025-4-28 14:38:41","2025-4-27 22:41:11","总故障位触发","故障:存在常规严重故障位, 存在保留故障总故障位","/:/","/:/","/:/","开路","严重","存在常规严重故障位; 存在保留故障总故障位","保留绝缘电阻严重告警","0.0V","0.0A","30.0%","23.2%","30.0%","100.00%","0kWh","0kWh","0kWh","0kWh","125.0%","0.0%","100.0%","0Ah","0Ah","0Ah","0Ah","0.0kW","0.0kW","0","0","0","0","0","-","0","-","0","-","0","-","0","-","0","-","0","-","0","-","0","-","0","-","0","简约模式","内测模式1（V、T）","非运维模式","无PCS","无制冷设备","无除湿机设备","232","192.168.10.208","84-39-141-160-51-201","EVE.0.5-240123","CHS-BOOT-V1.1 ","NB.HS01-250424","HV1.1.0-220830","存在单电池欠压故障","-","RT4过温故障严重报警; RT5过温故障严重报警","主正接触器:断开; 主负接触器:断开; 预充接触器:断开","DI1:断开; DI2:断开; DI3:断开; DI4:断开; DI5:断开; DI6:断开; DI7:断开; DI8:断开; DI9:断开; DI10:断开; DI11:断开","DO1:断开; DO2:断开; DO3:断开; DO4:断开; DO5:断开; DO6:断开; DO7:断开; DO8:断开; 地址自适应反馈:断开","0","0","0","0","0","0","0","0","0","0","57780","通过"
"69","2025-4-28 14:38:41","2025-4-27 22:41:11","总故障位触发","故障:存在常规严重故障位, 存在保留故障总故障位","/:/","/:/","/:/","开路","严重","存在常规严重故障位; 存在保留故障总故障位","保留绝缘电阻严重告警","0.0V","0.0A","30.0%","23.2%","30.0%","100.00%","0kWh","0kWh","0kWh","0kWh","125.0%","0.0%","100.0%","0Ah","0Ah","0Ah","0Ah","0.0kW","0.0kW","0","0","0","0","0","-","0","-","0","-","0","-","0","-","0","-","0","-","0","-","0","-","0","-","0","简约模式","内测模式1（V、T）","非运维模式","无PCS","无制冷设备","无除湿机设备","232","192.168.10.208","84-39-141-160-51-201","EVE.0.5-240123","CHS-BOOT-V1.1 ","NB.HS01-250424","HV1.1.0-220830","存在单电池欠压故障","-","RT4过温故障严重报警; RT5过温故障严重报警","主正接触器:断开; 主负接触器:断开; 预充接触器:断开","DI1:断开; DI2:断开; DI3:断开; DI4:断开; DI5:断开; DI6:断开; DI7:断开; DI8:断开; DI9:断开; DI10:断开; DI11:断开","DO1:断开; DO2:断开; DO3:断开; DO4:断开; DO5:断开; DO6:断开; DO7:断开; DO8:断开; 地址自适应反馈:断开","0","0","0","0","0","0","0","0","0","0","51757","通过"
"70","2025-4-28 14:38:41","2025-4-27 22:41:17","通讯/采集失联类故障","故障:无效数据故障位","/:/","/:/","/:/","开路","严重","存在常规严重故障位; 存在保留故障总故障位","保留绝缘电阻严重告警","0.0V","0.0A","30.0%","23.2%","30.0%","100.00%","0kWh","0kWh","0kWh","0kWh","125.0%","0.0%","100.0%","0Ah","0Ah","0Ah","0Ah","0.0kW","0.0kW","0","0","0","0","0","-","0","-","0","-","0","-","0","-","0","-","0","-","0","-","0","-","0","-","0","简约模式","内测模式1（V、T）","非运维模式","无PCS","无制冷设备","无除湿机设备","232","192.168.10.208","84-39-141-160-51-201","EVE.0.5-240123","CHS-BOOT-V1.1 ","NB.HS01-250424","HV1.1.0-220830","存在单电池欠压故障","-","RT4过温故障严重报警; RT5过温故障严重报警","主正接触器:断开; 主负接触器:断开; 预充接触器:断开","DI1:断开; DI2:断开; DI3:断开; DI4:断开; DI5:断开; DI6:断开; DI7:断开; DI8:断开; DI9:断开; DI10:断开; DI11:断开","DO1:断开; DO2:断开; DO3:断开; DO4:断开; DO5:断开; DO6:断开; DO7:断开; DO8:断开; 地址自适应反馈:断开","0","0","0","0","0","0","0","0","0","0","15788","通过"
"71","2025-4-28 14:38:41","2025-4-27 22:41:17","总故障位触发","故障:存在常规严重故障位, 存在硬件故障总故障位, 存在保留故障总故障位","/:/","/:/","/:/","开路","严重","存在常规严重故障位; 存在硬件故障总故障位; 存在保留故障总故障位","保留绝缘电阻严重告警","0.0V","0.0A","30.0%","23.2%","30.0%","100.00%","0kWh","0kWh","0kWh","0kWh","125.0%","0.0%","100.0%","0Ah","0Ah","0Ah","0Ah","0.0kW","0.0kW","0","0","0","0","0","-","0","-","0","-","0","-","0","-","0","-","0","-","0","-","0","-","0","-","0","简约模式","内测模式1（V、T）","非运维模式","无PCS","无制冷设备","无除湿机设备","232","192.168.10.208","84-39-141-160-51-201","EVE.0.5-240123","CHS-BOOT-V1.1 ","NB.HS01-250424","HV1.1.0-220830","存在单电池欠压故障","-","RT4过温故障严重报警; RT5过温故障严重报警","主正接触器:断开; 主负接触器:断开; 预充接触器:断开","DI1:断开; DI2:断开; DI3:断开; DI4:断开; DI5:断开; DI6:断开; DI7:断开; DI8:断开; DI9:断开; DI10:断开; DI11:断开","DO1:断开; DO2:断开; DO3:断开; DO4:断开; DO5:断开; DO6:断开; DO7:断开; DO8:断开; 地址自适应反馈:断开","0","0","0","0","0","0","0","0","0","0","30332","通过"
"72","2025-4-28 14:38:41","2025-4-27 22:41:45","总故障位触发","故障:存在常规严重故障位, 存在硬件故障总故障位, 存在保留故障总故障位","/:/","/:/","/:/","开路","严重","存在常规严重故障位; 存在硬件故障总故障位; 存在保留故障总故障位","保留绝缘电阻严重告警","0.0V","0.0A","30.0%","23.2%","30.0%","100.00%","0kWh","0kWh","0kWh","0kWh","125.0%","0.0%","100.0%","0Ah","0Ah","0Ah","0Ah","0.0kW","0.0kW","0","0","0","0","0","-","0","-","0","-","0","-","0","-","0","-","0","-","0","-","0","-","0","-","0","简约模式","内测模式1（V、T）","非运维模式","无PCS","无制冷设备","无除湿机设备","232","192.168.10.208","84-39-141-160-51-201","EVE.0.5-240123","CHS-BOOT-V1.1 ","NB.HS01-250424","HV1.1.0-220830","存在单电池欠压故障","-","RT4过温故障严重报警; RT5过温故障严重报警","主正接触器:断开; 主负接触器:断开; 预充接触器:断开","DI1:断开; DI2:断开; DI3:断开; DI4:断开; DI5:断开; DI6:断开; DI7:断开; DI8:断开; DI9:断开; DI10:断开; DI11:断开","DO1:断开; DO2:断开; DO3:断开; DO4:断开; DO5:断开; DO6:断开; DO7:断开; DO8:断开; 地址自适应反馈:断开","0","0","0","0","0","0","0","0","0","0","51863","通过"
"73","2025-4-28 14:38:41","2025-4-27 22:41:45","总故障位触发","故障:存在常规严重故障位, 存在硬件故障总故障位, 存在保留故障总故障位","/:/","/:/","/:/","开路","严重","存在常规严重故障位; 存在硬件故障总故障位; 存在保留故障总故障位","保留绝缘电阻严重告警","0.0V","0.0A","30.0%","23.2%","30.0%","100.00%","0kWh","0kWh","0kWh","0kWh","125.0%","0.0%","100.0%","0Ah","0Ah","0Ah","0Ah","0.0kW","0.0kW","0","0","0","0","0","-","0","-","0","-","0","-","0","-","0","-","0","-","0","-","0","-","0","-","0","简约模式","内测模式1（V、T）","非运维模式","无PCS","无制冷设备","无除湿机设备","232","192.168.10.208","84-39-141-160-51-201","EVE.0.5-240123","CHS-BOOT-V1.1 ","NB.HS01-250424","HV1.1.0-220830","存在单电池欠压故障","-","RT4过温故障严重报警; RT5过温故障严重报警","主正接触器:断开; 主负接触器:断开; 预充接触器:断开","DI1:断开; DI2:断开; DI3:断开; DI4:断开; DI5:断开; DI6:断开; DI7:断开; DI8:断开; DI9:断开; DI10:断开; DI11:断开","DO1:断开; DO2:断开; DO3:断开; DO4:断开; DO5:断开; DO6:断开; DO7:断开; DO8:断开; 地址自适应反馈:断开","0","0","0","0","0","0","0","0","0","0","57614","通过"
"74","2025-4-28 14:38:42","2025-4-27 22:42:05","总故障位触发","故障:存在常规严重故障位, 存在硬件故障总故障位, 存在保留故障总故障位","/:/","/:/","/:/","开路","严重","存在常规严重故障位; 存在硬件故障总故障位; 存在保留故障总故障位","保留绝缘电阻严重告警","0.0V","0.0A","30.0%","23.2%","30.0%","100.00%","0kWh","0kWh","0kWh","0kWh","125.0%","0.0%","100.0%","0Ah","0Ah","0Ah","0Ah","0.0kW","0.0kW","0","0","0","0","0","-","0","-","0","-","0","-","0","-","0","-","0","-","0","-","0","-","0","-","0","简约模式","内测模式1（V、T）","非运维模式","无PCS","无制冷设备","无除湿机设备","232","192.168.10.208","84-39-141-160-51-201","EVE.0.5-240123","CHS-BOOT-V1.1 ","NB.HS01-250424","HV1.1.0-220830","存在单电池欠压故障","-","RT4过温故障严重报警; RT5过温故障严重报警","主正接触器:断开; 主负接触器:断开; 预充接触器:断开","DI1:断开; DI2:断开; DI3:断开; DI4:断开; DI5:断开; DI6:断开; DI7:断开; DI8:断开; DI9:断开; DI10:断开; DI11:断开","DO1:断开; DO2:断开; DO3:断开; DO4:断开; DO5:断开; DO6:断开; DO7:断开; DO8:断开; 地址自适应反馈:断开","0","0","0","0","0","0","0","0","0","0","27126","通过"
"75","2025-4-28 14:38:42","2025-4-27 22:42:05","总故障位触发","故障:存在常规严重故障位, 存在硬件故障总故障位, 存在保留故障总故障位","/:/","/:/","/:/","开路","严重","存在常规严重故障位; 存在硬件故障总故障位; 存在保留故障总故障位","保留绝缘电阻严重告警","0.0V","0.0A","30.0%","23.2%","30.0%","100.00%","0kWh","0kWh","0kWh","0kWh","125.0%","0.0%","100.0%","0Ah","0Ah","0Ah","0Ah","0.0kW","0.0kW","0","0","0","0","0","-","0","-","0","-","0","-","0","-","0","-","0","-","0","-","0","-","0","-","0","简约模式","内测模式1（V、T）","非运维模式","无PCS","无制冷设备","无除湿机设备","232","192.168.10.208","84-39-141-160-51-201","EVE.0.5-240123","CHS-BOOT-V1.1 ","NB.HS01-250424","HV1.1.0-220830","存在单电池欠压故障","-","RT4过温故障严重报警; RT5过温故障严重报警","主正接触器:断开; 主负接触器:断开; 预充接触器:断开","DI1:断开; DI2:断开; DI3:断开; DI4:断开; DI5:断开; DI6:断开; DI7:断开; DI8:断开; DI9:断开; DI10:断开; DI11:断开","DO1:断开; DO2:断开; DO3:断开; DO4:断开; DO5:断开; DO6:断开; DO7:断开; DO8:断开; 地址自适应反馈:断开","0","0","0","0","0","0","0","0","0","0","17007","通过"
"76","2025-4-28 14:38:42","2025-4-27 22:42:45","总故障位触发","故障:存在常规严重故障位, 存在硬件故障总故障位, 存在保留故障总故障位","/:/","/:/","/:/","开路","严重","存在常规严重故障位; 存在硬件故障总故障位; 存在保留故障总故障位","保留绝缘电阻严重告警","0.0V","0.0A","30.0%","23.2%","30.0%","100.00%","0kWh","0kWh","0kWh","0kWh","125.0%","0.0%","100.0%","0Ah","0Ah","0Ah","0Ah","0.0kW","0.0kW","0","0","0","0","0","-","0","-","0","-","0","-","0","-","0","-","0","-","0","-","0","-","0","-","0","简约模式","内测模式1（V、T）","非运维模式","无PCS","无制冷设备","无除湿机设备","232","192.168.10.208","84-39-141-160-51-201","EVE.0.5-240123","CHS-BOOT-V1.1 ","NB.HS01-250424","HV1.1.0-220830","存在单电池欠压故障","-","RT4过温故障严重报警; RT5过温故障严重报警","主正接触器:断开; 主负接触器:断开; 预充接触器:断开","DI1:断开; DI2:断开; DI3:断开; DI4:断开; DI5:断开; DI6:断开; DI7:断开; DI8:断开; DI9:断开; DI10:断开; DI11:断开","DO1:断开; DO2:断开; DO3:断开; DO4:断开; DO5:断开; DO6:断开; DO7:断开; DO8:断开; 地址自适应反馈:断开","0","0","0","0","0","0","0","0","0","0","48595","通过"
"77","2025-4-28 14:38:42","2025-4-27 22:42:45","总故障位触发","故障:存在常规严重故障位, 存在硬件故障总故障位, 存在保留故障总故障位","/:/","/:/","/:/","开路","严重","存在常规严重故障位; 存在硬件故障总故障位; 存在保留故障总故障位","保留绝缘电阻严重告警","0.0V","0.0A","30.0%","23.2%","30.0%","100.00%","0kWh","0kWh","0kWh","0kWh","125.0%","0.0%","100.0%","0Ah","0Ah","0Ah","0Ah","0.0kW","0.0kW","0","0","0","0","0","-","0","-","0","-","0","-","0","-","0","-","0","-","0","-","0","-","0","-","0","简约模式","内测模式1（V、T）","非运维模式","无PCS","无制冷设备","无除湿机设备","232","192.168.10.208","84-39-141-160-51-201","EVE.0.5-240123","CHS-BOOT-V1.1 ","NB.HS01-250424","HV1.1.0-220830","存在单电池欠压故障","-","RT4过温故障严重报警; RT5过温故障严重报警","主正接触器:断开; 主负接触器:断开; 预充接触器:断开","DI1:断开; DI2:断开; DI3:断开; DI4:断开; DI5:断开; DI6:断开; DI7:断开; DI8:断开; DI9:断开; DI10:断开; DI11:断开","DO1:断开; DO2:断开; DO3:断开; DO4:断开; DO5:断开; DO6:断开; DO7:断开; DO8:断开; 地址自适应反馈:断开","0","0","0","0","0","0","0","0","0","0","38474","通过"
"78","2025-4-28 14:38:42","2025-4-27 22:42:48","总故障位触发","故障:存在常规严重故障位, 存在硬件故障总故障位, 存在保留故障总故障位","/:/","/:/","/:/","开路","严重","存在常规严重故障位; 存在硬件故障总故障位; 存在保留故障总故障位","保留绝缘电阻严重告警","0.0V","0.0A","30.0%","23.2%","30.0%","100.00%","0kWh","0kWh","0kWh","0kWh","125.0%","0.0%","100.0%","0Ah","0Ah","0Ah","0Ah","0.0kW","0.0kW","0","0","0","0","0","-","0","-","0","-","0","-","0","-","0","-","0","-","0","-","0","-","0","-","0","简约模式","内测模式1（V、T）","非运维模式","无PCS","无制冷设备","无除湿机设备","232","192.168.10.208","84-39-141-160-51-201","EVE.0.5-240123","CHS-BOOT-V1.1 ","NB.HS01-250424","HV1.1.0-220830","存在单电池欠压故障","-","RT4过温故障严重报警; RT5过温故障严重报警","主正接触器:断开; 主负接触器:断开; 预充接触器:断开","DI1:断开; DI2:断开; DI3:断开; DI4:断开; DI5:断开; DI6:断开; DI7:断开; DI8:断开; DI9:断开; DI10:断开; DI11:断开","DO1:断开; DO2:断开; DO3:断开; DO4:断开; DO5:断开; DO6:断开; DO7:断开; DO8:断开; 地址自适应反馈:断开","0","0","0","0","0","0","0","0","0","0","16964","通过"
"79","2025-4-28 14:38:42","2025-4-27 22:42:48","总故障位触发","故障:存在常规严重故障位, 存在硬件故障总故障位, 存在保留故障总故障位","/:/","/:/","/:/","开路","严重","存在常规严重故障位; 存在硬件故障总故障位; 存在保留故障总故障位","保留绝缘电阻严重告警","0.0V","0.0A","30.0%","23.2%","30.0%","100.00%","0kWh","0kWh","0kWh","0kWh","125.0%","0.0%","100.0%","0Ah","0Ah","0Ah","0Ah","0.0kW","0.0kW","0","0","0","0","0","-","0","-","0","-","0","-","0","-","0","-","0","-","0","-","0","-","0","-","0","简约模式","内测模式1（V、T）","非运维模式","无PCS","无制冷设备","无除湿机设备","232","192.168.10.208","84-39-141-160-51-201","EVE.0.5-240123","CHS-BOOT-V1.1 ","NB.HS01-250424","HV1.1.0-220830","存在单电池欠压故障","-","RT4过温故障严重报警; RT5过温故障严重报警","主正接触器:断开; 主负接触器:断开; 预充接触器:断开","DI1:断开; DI2:断开; DI3:断开; DI4:断开; DI5:断开; DI6:断开; DI7:断开; DI8:断开; DI9:断开; DI10:断开; DI11:断开","DO1:断开; DO2:断开; DO3:断开; DO4:断开; DO5:断开; DO6:断开; DO7:断开; DO8:断开; 地址自适应反馈:断开","0","0","0","0","0","0","0","0","0","0","27101","通过"
"80","2025-4-28 14:38:42","2025-4-27 22:43:26","总故障位触发","故障:存在常规严重故障位, 存在硬件故障总故障位, 存在保留故障总故障位","/:/","/:/","/:/","开路","严重","存在常规严重故障位; 存在硬件故障总故障位; 存在保留故障总故障位","保留绝缘电阻严重告警","0.0V","0.0A","30.0%","23.2%","30.0%","100.00%","0kWh","0kWh","0kWh","0kWh","125.0%","0.0%","100.0%","0Ah","0Ah","0Ah","0Ah","0.0kW","0.0kW","0","0","0","0","0","-","0","-","0","-","0","-","0","-","0","-","0","-","0","-","0","-","0","-","0","简约模式","内测模式1（V、T）","非运维模式","无PCS","无制冷设备","无除湿机设备","232","192.168.10.208","84-39-141-160-51-201","EVE.0.5-240123","CHS-BOOT-V1.1 ","NB.HS01-250424","HV1.1.0-220830","存在单电池欠压故障","-","RT4过温故障严重报警; RT5过温故障严重报警","主正接触器:断开; 主负接触器:断开; 预充接触器:断开","DI1:断开; DI2:断开; DI3:断开; DI4:断开; DI5:断开; DI6:断开; DI7:断开; DI8:断开; DI9:断开; DI10:断开; DI11:断开","DO1:断开; DO2:断开; DO3:断开; DO4:断开; DO5:断开; DO6:断开; DO7:断开; DO8:断开; 地址自适应反馈:断开","0","0","0","0","0","0","0","0","0","0","64040","通过"
"81","2025-4-28 14:38:42","2025-4-27 22:43:26","总故障位触发","故障:存在常规严重故障位, 存在硬件故障总故障位, 存在保留故障总故障位","/:/","/:/","/:/","开路","严重","存在常规严重故障位; 存在硬件故障总故障位; 存在保留故障总故障位","保留绝缘电阻严重告警","0.0V","0.0A","30.0%","23.2%","30.0%","100.00%","0kWh","0kWh","0kWh","0kWh","125.0%","0.0%","100.0%","0Ah","0Ah","0Ah","0Ah","0.0kW","0.0kW","0","0","0","0","0","-","0","-","0","-","0","-","0","-","0","-","0","-","0","-","0","-","0","-","0","简约模式","内测模式1（V、T）","非运维模式","无PCS","无制冷设备","无除湿机设备","232","192.168.10.208","84-39-141-160-51-201","EVE.0.5-240123","CHS-BOOT-V1.1 ","NB.HS01-250424","HV1.1.0-220830","存在单电池欠压故障","-","RT4过温故障严重报警; RT5过温故障严重报警","主正接触器:断开; 主负接触器:断开; 预充接触器:断开","DI1:断开; DI2:断开; DI3:断开; DI4:断开; DI5:断开; DI6:断开; DI7:断开; DI8:断开; DI9:断开; DI10:断开; DI11:断开","DO1:断开; DO2:断开; DO3:断开; DO4:断开; DO5:断开; DO6:断开; DO7:断开; DO8:断开; 地址自适应反馈:断开","0","0","0","0","0","0","0","0","0","0","53681","通过"
"82","2025-4-28 14:38:42","2025-4-27 22:43:29","总故障位触发","故障:存在常规严重故障位, 存在硬件故障总故障位, 存在保留故障总故障位","/:/","/:/","/:/","开路","严重","存在常规严重故障位; 存在硬件故障总故障位; 存在保留故障总故障位","保留绝缘电阻严重告警","0.0V","0.0A","30.0%","23.2%","30.0%","100.00%","0kWh","0kWh","0kWh","0kWh","125.0%","0.0%","100.0%","0Ah","0Ah","0Ah","0Ah","0.0kW","0.0kW","0","0","0","0","0","-","0","-","0","-","0","-","0","-","0","-","0","-","0","-","0","-","0","-","0","简约模式","内测模式1（V、T）","非运维模式","无PCS","无制冷设备","无除湿机设备","232","192.168.10.208","84-39-141-160-51-201","EVE.0.5-240123","CHS-BOOT-V1.1 ","NB.HS01-250424","HV1.1.0-220830","存在单电池欠压故障","-","RT4过温故障严重报警; RT5过温故障严重报警","主正接触器:断开; 主负接触器:断开; 预充接触器:断开","DI1:断开; DI2:断开; DI3:断开; DI4:断开; DI5:断开; DI6:断开; DI7:断开; DI8:断开; DI9:断开; DI10:断开; DI11:断开","DO1:断开; DO2:断开; DO3:断开; DO4:断开; DO5:断开; DO6:断开; DO7:断开; DO8:断开; 地址自适应反馈:断开","0","0","0","0","0","0","0","0","0","0","7454","通过"
"83","2025-4-28 14:38:42","2025-4-27 22:43:29","总故障位触发","故障:存在常规严重故障位, 存在硬件故障总故障位, 存在保留故障总故障位","/:/","/:/","/:/","开路","严重","存在常规严重故障位; 存在硬件故障总故障位; 存在保留故障总故障位","保留绝缘电阻严重告警","0.0V","0.0A","30.0%","23.2%","30.0%","100.00%","0kWh","0kWh","0kWh","0kWh","125.0%","0.0%","100.0%","0Ah","0Ah","0Ah","0Ah","0.0kW","0.0kW","0","0","0","0","0","-","0","-","0","-","0","-","0","-","0","-","0","-","0","-","0","-","0","-","0","简约模式","内测模式1（V、T）","非运维模式","无PCS","无制冷设备","无除湿机设备","232","192.168.10.208","84-39-141-160-51-201","EVE.0.5-240123","CHS-BOOT-V1.1 ","NB.HS01-250424","HV1.1.0-220830","存在单电池欠压故障","-","RT4过温故障严重报警; RT5过温故障严重报警","主正接触器:断开; 主负接触器:断开; 预充接触器:断开","DI1:断开; DI2:断开; DI3:断开; DI4:断开; DI5:断开; DI6:断开; DI7:断开; DI8:断开; DI9:断开; DI10:断开; DI11:断开","DO1:断开; DO2:断开; DO3:断开; DO4:断开; DO5:断开; DO6:断开; DO7:断开; DO8:断开; 地址自适应反馈:断开","0","0","0","0","0","0","0","0","0","0","13959","通过"
"84","2025-4-28 14:38:42","2025-4-27 22:43:38","总故障位触发","故障:存在常规严重故障位, 存在硬件故障总故障位, 存在保留故障总故障位","/:/","/:/","/:/","开路","严重","存在常规严重故障位; 存在硬件故障总故障位; 存在保留故障总故障位","保留绝缘电阻严重告警","0.0V","0.0A","30.0%","23.2%","30.0%","100.00%","0kWh","0kWh","0kWh","0kWh","125.0%","0.0%","100.0%","0Ah","0Ah","0Ah","0Ah","0.0kW","0.0kW","0","0","0","0","0","-","0","-","0","-","0","-","0","-","0","-","0","-","0","-","0","-","0","-","0","简约模式","内测模式1（V、T）","非运维模式","无PCS","无制冷设备","无除湿机设备","232","192.168.10.208","84-39-141-160-51-201","EVE.0.5-240123","CHS-BOOT-V1.1 ","NB.HS01-250424","HV1.1.0-220830","存在单电池欠压故障","-","RT4过温故障严重报警; RT5过温故障严重报警","主正接触器:断开; 主负接触器:断开; 预充接触器:断开","DI1:断开; DI2:断开; DI3:断开; DI4:断开; DI5:断开; DI6:断开; DI7:断开; DI8:断开; DI9:断开; DI10:断开; DI11:断开","DO1:断开; DO2:断开; DO3:断开; DO4:断开; DO5:断开; DO6:断开; DO7:断开; DO8:断开; 地址自适应反馈:断开","0","0","0","0","0","0","0","0","0","0","29767","通过"
"85","2025-4-28 14:38:42","2025-4-27 22:43:38","总故障位触发","故障:存在常规严重故障位, 存在硬件故障总故障位, 存在保留故障总故障位","/:/","/:/","/:/","开路","严重","存在常规严重故障位; 存在硬件故障总故障位; 存在保留故障总故障位","保留绝缘电阻严重告警","0.0V","0.0A","30.0%","23.2%","30.0%","100.00%","0kWh","0kWh","0kWh","0kWh","125.0%","0.0%","100.0%","0Ah","0Ah","0Ah","0Ah","0.0kW","0.0kW","0","0","0","0","0","-","0","-","0","-","0","-","0","-","0","-","0","-","0","-","0","-","0","-","0","简约模式","内测模式1（V、T）","非运维模式","无PCS","无制冷设备","无除湿机设备","232","192.168.10.208","84-39-141-160-51-201","EVE.0.5-240123","CHS-BOOT-V1.1 ","NB.HS01-250424","HV1.1.0-220830","存在单电池欠压故障","-","RT4过温故障严重报警; RT5过温故障严重报警","主正接触器:断开; 主负接触器:断开; 预充接触器:断开","DI1:断开; DI2:断开; DI3:断开; DI4:断开; DI5:断开; DI6:断开; DI7:断开; DI8:断开; DI9:断开; DI10:断开; DI11:断开","DO1:断开; DO2:断开; DO3:断开; DO4:断开; DO5:断开; DO6:断开; DO7:断开; DO8:断开; 地址自适应反馈:断开","0","0","0","0","0","0","0","0","0","0","24542","通过"
"86","2025-4-28 14:38:42","2025-4-27 22:43:41","总故障位触发","故障:存在常规严重故障位, 存在硬件故障总故障位, 存在保留故障总故障位","/:/","/:/","/:/","开路","严重","存在常规严重故障位; 存在硬件故障总故障位; 存在保留故障总故障位","保留绝缘电阻严重告警","0.0V","0.0A","30.0%","23.2%","30.0%","100.00%","0kWh","0kWh","0kWh","0kWh","125.0%","0.0%","100.0%","0Ah","0Ah","0Ah","0Ah","0.0kW","0.0kW","0","0","0","0","0","-","0","-","0","-","0","-","0","-","0","-","0","-","0","-","0","-","0","-","0","简约模式","内测模式1（V、T）","非运维模式","无PCS","无制冷设备","无除湿机设备","232","192.168.10.208","84-39-141-160-51-201","EVE.0.5-240123","CHS-BOOT-V1.1 ","NB.HS01-250424","HV1.1.0-220830","存在单电池欠压故障","-","RT4过温故障严重报警; RT5过温故障严重报警","主正接触器:断开; 主负接触器:断开; 预充接触器:断开","DI1:断开; DI2:断开; DI3:断开; DI4:断开; DI5:断开; DI6:断开; DI7:断开; DI8:断开; DI9:断开; DI10:断开; DI11:断开","DO1:断开; DO2:断开; DO3:断开; DO4:断开; DO5:断开; DO6:断开; DO7:断开; DO8:断开; 地址自适应反馈:断开","0","0","0","0","0","0","0","0","0","0","25004","通过"
"87","2025-4-28 14:38:42","2025-4-27 22:43:41","总故障位触发","故障:存在常规严重故障位, 存在硬件故障总故障位, 存在保留故障总故障位","/:/","/:/","/:/","开路","严重","存在常规严重故障位; 存在硬件故障总故障位; 存在保留故障总故障位","保留绝缘电阻严重告警","0.0V","0.0A","30.0%","23.2%","30.0%","100.00%","0kWh","0kWh","0kWh","0kWh","125.0%","0.0%","100.0%","0Ah","0Ah","0Ah","0Ah","0.0kW","0.0kW","0","0","0","0","0","-","0","-","0","-","0","-","0","-","0","-","0","-","0","-","0","-","0","-","0","简约模式","内测模式1（V、T）","非运维模式","无PCS","无制冷设备","无除湿机设备","232","192.168.10.208","84-39-141-160-51-201","EVE.0.5-240123","CHS-BOOT-V1.1 ","NB.HS01-250424","HV1.1.0-220830","存在单电池欠压故障","-","RT4过温故障严重报警; RT5过温故障严重报警","主正接触器:断开; 主负接触器:断开; 预充接触器:断开","DI1:断开; DI2:断开; DI3:断开; DI4:断开; DI5:断开; DI6:断开; DI7:断开; DI8:断开; DI9:断开; DI10:断开; DI11:断开","DO1:断开; DO2:断开; DO3:断开; DO4:断开; DO5:断开; DO6:断开; DO7:断开; DO8:断开; 地址自适应反馈:断开","0","0","0","0","0","0","0","0","0","0","18997","通过"
"88","2025-4-28 14:38:42","2025-4-27 22:44:59","总故障位触发","故障:存在常规严重故障位, 存在硬件故障总故障位, 存在保留故障总故障位","/:/","/:/","/:/","开路","严重","存在常规严重故障位; 存在硬件故障总故障位; 存在保留故障总故障位","保留绝缘电阻严重告警","0.0V","0.0A","30.0%","23.2%","30.0%","100.00%","0kWh","0kWh","0kWh","0kWh","125.0%","0.0%","100.0%","0Ah","0Ah","0Ah","0Ah","0.0kW","0.0kW","0","0","0","0","0","-","0","-","0","-","0","-","0","-","0","-","0","-","0","-","0","-","0","-","0","简约模式","内测模式1（V、T）","非运维模式","无PCS","无制冷设备","无除湿机设备","232","192.168.10.208","84-39-141-160-51-201","EVE.0.5-240123","CHS-BOOT-V1.1 ","NB.HS01-250424","HV1.1.0-220830","存在单电池欠压故障","-","RT4过温故障严重报警; RT5过温故障严重报警","主正接触器:断开; 主负接触器:断开; 预充接触器:断开","DI1:断开; DI2:断开; DI3:断开; DI4:断开; DI5:断开; DI6:断开; DI7:断开; DI8:断开; DI9:断开; DI10:断开; DI11:断开","DO1:断开; DO2:断开; DO3:断开; DO4:断开; DO5:断开; DO6:断开; DO7:断开; DO8:断开; 地址自适应反馈:断开","0","0","0","0","0","0","0","0","0","0","50581","通过"
"89","2025-4-28 14:38:42","2025-4-27 22:44:59","总故障位触发","故障:存在常规严重故障位, 存在硬件故障总故障位, 存在保留故障总故障位","/:/","/:/","/:/","开路","严重","存在常规严重故障位; 存在硬件故障总故障位; 存在保留故障总故障位","保留绝缘电阻严重告警","0.0V","0.0A","30.0%","23.2%","30.0%","100.00%","0kWh","0kWh","0kWh","0kWh","125.0%","0.0%","100.0%","0Ah","0Ah","0Ah","0Ah","0.0kW","0.0kW","0","0","0","0","0","-","0","-","0","-","0","-","0","-","0","-","0","-","0","-","0","-","0","-","0","简约模式","内测模式1（V、T）","非运维模式","无PCS","无制冷设备","无除湿机设备","232","192.168.10.208","84-39-141-160-51-201","EVE.0.5-240123","CHS-BOOT-V1.1 ","NB.HS01-250424","HV1.1.0-220830","存在单电池欠压故障","-","RT4过温故障严重报警; RT5过温故障严重报警","主正接触器:断开; 主负接触器:断开; 预充接触器:断开","DI1:断开; DI2:断开; DI3:断开; DI4:断开; DI5:断开; DI6:断开; DI7:断开; DI8:断开; DI9:断开; DI10:断开; DI11:断开","DO1:断开; DO2:断开; DO3:断开; DO4:断开; DO5:断开; DO6:断开; DO7:断开; DO8:断开; 地址自适应反馈:断开","0","0","0","0","0","0","0","0","0","0","60940","通过"
"90","2025-4-28 14:38:42","2025-4-27 22:45:15","总故障位触发","故障:存在常规严重故障位, 存在硬件故障总故障位, 存在保留故障总故障位","/:/","/:/","/:/","开路","严重","存在常规严重故障位; 存在硬件故障总故障位; 存在保留故障总故障位","保留绝缘电阻严重告警","0.0V","0.0A","30.0%","23.2%","30.0%","100.00%","0kWh","0kWh","0kWh","0kWh","125.0%","0.0%","100.0%","0Ah","0Ah","0Ah","0Ah","0.0kW","0.0kW","0","0","0","0","0","-","0","-","0","-","0","-","0","-","0","-","0","-","0","-","0","-","0","-","0","简约模式","内测模式1（V、T）","非运维模式","无PCS","无制冷设备","无除湿机设备","232","192.168.10.208","84-39-141-160-51-201","EVE.0.5-240123","CHS-BOOT-V1.1 ","NB.HS01-250424","HV1.1.0-220830","存在单电池欠压故障","-","RT4过温故障严重报警; RT5过温故障严重报警","主正接触器:断开; 主负接触器:断开; 预充接触器:断开","DI1:断开; DI2:断开; DI3:断开; DI4:断开; DI5:断开; DI6:断开; DI7:断开; DI8:断开; DI9:断开; DI10:断开; DI11:断开","DO1:断开; DO2:断开; DO3:断开; DO4:断开; DO5:断开; DO6:断开; DO7:断开; DO8:断开; 地址自适应反馈:断开","0","0","0","0","0","0","0","0","0","0","44875","通过"
"91","2025-4-28 14:38:42","2025-4-27 22:45:15","总故障位触发","故障:存在常规严重故障位, 存在硬件故障总故障位, 存在保留故障总故障位","/:/","/:/","/:/","开路","严重","存在常规严重故障位; 存在硬件故障总故障位; 存在保留故障总故障位","保留绝缘电阻严重告警","0.0V","0.0A","30.0%","23.2%","30.0%","100.00%","0kWh","0kWh","0kWh","0kWh","125.0%","0.0%","100.0%","0Ah","0Ah","0Ah","0Ah","0.0kW","0.0kW","0","0","0","0","0","-","0","-","0","-","0","-","0","-","0","-","0","-","0","-","0","-","0","-","0","简约模式","内测模式1（V、T）","非运维模式","无PCS","无制冷设备","无除湿机设备","232","192.168.10.208","84-39-141-160-51-201","EVE.0.5-240123","CHS-BOOT-V1.1 ","NB.HS01-250424","HV1.1.0-220830","存在单电池欠压故障","-","RT4过温故障严重报警; RT5过温故障严重报警","主正接触器:断开; 主负接触器:断开; 预充接触器:断开","DI1:断开; DI2:断开; DI3:断开; DI4:断开; DI5:断开; DI6:断开; DI7:断开; DI8:断开; DI9:断开; DI10:断开; DI11:断开","DO1:断开; DO2:断开; DO3:断开; DO4:断开; DO5:断开; DO6:断开; DO7:断开; DO8:断开; 地址自适应反馈:断开","0","0","0","0","0","0","0","0","0","0","34002","通过"
"92","2025-4-28 14:38:42","2025-4-27 22:45:31","总故障位触发","故障:存在常规严重故障位, 存在硬件故障总故障位, 存在保留故障总故障位","/:/","/:/","/:/","开路","严重","存在常规严重故障位; 存在硬件故障总故障位; 存在保留故障总故障位","保留绝缘电阻严重告警","0.0V","0.0A","30.0%","23.2%","30.0%","100.00%","0kWh","0kWh","0kWh","0kWh","125.0%","0.0%","100.0%","0Ah","0Ah","0Ah","0Ah","0.0kW","0.0kW","0","0","0","0","0","-","0","-","0","-","0","-","0","-","0","-","0","-","0","-","0","-","0","-","0","简约模式","内测模式1（V、T）","非运维模式","无PCS","无制冷设备","无除湿机设备","232","192.168.10.208","84-39-141-160-51-201","EVE.0.5-240123","CHS-BOOT-V1.1 ","NB.HS01-250424","HV1.1.0-220830","存在单电池欠压故障","-","RT4过温故障严重报警; RT5过温故障严重报警","主正接触器:断开; 主负接触器:断开; 预充接触器:断开","DI1:断开; DI2:断开; DI3:断开; DI4:断开; DI5:断开; DI6:断开; DI7:断开; DI8:断开; DI9:断开; DI10:断开; DI11:断开","DO1:断开; DO2:断开; DO3:断开; DO4:断开; DO5:断开; DO6:断开; DO7:断开; DO8:断开; 地址自适应反馈:断开","0","0","0","0","0","0","0","0","0","0","21530","通过"
"93","2025-4-28 14:38:42","2025-4-27 22:45:31","总故障位触发","故障:存在常规严重故障位, 存在硬件故障总故障位, 存在保留故障总故障位","/:/","/:/","/:/","开路","严重","存在常规严重故障位; 存在硬件故障总故障位; 存在保留故障总故障位","保留绝缘电阻严重告警","0.0V","0.0A","30.0%","23.2%","30.0%","100.00%","0kWh","0kWh","0kWh","0kWh","125.0%","0.0%","100.0%","0Ah","0Ah","0Ah","0Ah","0.0kW","0.0kW","0","0","0","0","0","-","0","-","0","-","0","-","0","-","0","-","0","-","0","-","0","-","0","-","0","简约模式","内测模式1（V、T）","非运维模式","无PCS","无制冷设备","无除湿机设备","232","192.168.10.208","84-39-141-160-51-201","EVE.0.5-240123","CHS-BOOT-V1.1 ","NB.HS01-250424","HV1.1.0-220830","存在单电池欠压故障","-","RT4过温故障严重报警; RT5过温故障严重报警","主正接触器:断开; 主负接触器:断开; 预充接触器:断开","DI1:断开; DI2:断开; DI3:断开; DI4:断开; DI5:断开; DI6:断开; DI7:断开; DI8:断开; DI9:断开; DI10:断开; DI11:断开","DO1:断开; DO2:断开; DO3:断开; DO4:断开; DO5:断开; DO6:断开; DO7:断开; DO8:断开; 地址自适应反馈:断开","0","0","0","0","0","0","0","0","0","0","32643","通过"
"94","2025-4-28 14:38:42","2025-4-27 22:45:35","总故障位触发","故障:存在常规严重故障位, 存在硬件故障总故障位, 存在保留故障总故障位","/:/","/:/","/:/","开路","严重","存在常规严重故障位; 存在硬件故障总故障位; 存在保留故障总故障位","保留绝缘电阻严重告警","0.0V","0.0A","30.0%","23.2%","30.0%","100.00%","0kWh","0kWh","0kWh","0kWh","125.0%","0.0%","100.0%","0Ah","0Ah","0Ah","0Ah","0.0kW","0.0kW","0","0","0","0","0","-","0","-","0","-","0","-","0","-","0","-","0","-","0","-","0","-","0","-","0","简约模式","内测模式1（V、T）","非运维模式","无PCS","无制冷设备","无除湿机设备","232","192.168.10.208","84-39-141-160-51-201","EVE.0.5-240123","CHS-BOOT-V1.1 ","NB.HS01-250424","HV1.1.0-220830","存在单电池欠压故障","-","RT4过温故障严重报警; RT5过温故障严重报警","主正接触器:断开; 主负接触器:断开; 预充接触器:断开","DI1:断开; DI2:断开; DI3:断开; DI4:断开; DI5:断开; DI6:断开; DI7:断开; DI8:断开; DI9:断开; DI10:断开; DI11:断开","DO1:断开; DO2:断开; DO3:断开; DO4:断开; DO5:断开; DO6:断开; DO7:断开; DO8:断开; 地址自适应反馈:断开","0","0","0","0","0","0","0","0","0","0","25944","通过"
"95","2025-4-28 14:38:42","2025-4-27 22:45:35","总故障位触发","故障:存在常规严重故障位, 存在硬件故障总故障位, 存在保留故障总故障位","/:/","/:/","/:/","开路","严重","存在常规严重故障位; 存在硬件故障总故障位; 存在保留故障总故障位","保留绝缘电阻严重告警","0.0V","0.0A","30.0%","23.2%","30.0%","100.00%","0kWh","0kWh","0kWh","0kWh","125.0%","0.0%","100.0%","0Ah","0Ah","0Ah","0Ah","0.0kW","0.0kW","0","0","0","0","0","-","0","-","0","-","0","-","0","-","0","-","0","-","0","-","0","-","0","-","0","简约模式","内测模式1（V、T）","非运维模式","无PCS","无制冷设备","无除湿机设备","232","192.168.10.208","84-39-141-160-51-201","EVE.0.5-240123","CHS-BOOT-V1.1 ","NB.HS01-250424","HV1.1.0-220830","存在单电池欠压故障","-","RT4过温故障严重报警; RT5过温故障严重报警","主正接触器:断开; 主负接触器:断开; 预充接触器:断开","DI1:断开; DI2:断开; DI3:断开; DI4:断开; DI5:断开; DI6:断开; DI7:断开; DI8:断开; DI9:断开; DI10:断开; DI11:断开","DO1:断开; DO2:断开; DO3:断开; DO4:断开; DO5:断开; DO6:断开; DO7:断开; DO8:断开; 地址自适应反馈:断开","0","0","0","0","0","0","0","0","0","0","20161","通过"
"96","2025-4-28 14:38:42","2025-4-27 22:45:46","总故障位触发","故障:存在常规严重故障位, 存在硬件故障总故障位, 存在保留故障总故障位","/:/","/:/","/:/","开路","严重","存在常规严重故障位; 存在硬件故障总故障位; 存在保留故障总故障位","保留绝缘电阻严重告警","0.0V","0.0A","30.0%","23.2%","30.0%","100.00%","0kWh","0kWh","0kWh","0kWh","125.0%","0.0%","100.0%","0Ah","0Ah","0Ah","0Ah","0.0kW","0.0kW","0","0","0","0","0","-","0","-","0","-","0","-","0","-","0","-","0","-","0","-","0","-","0","-","0","简约模式","内测模式1（V、T）","非运维模式","无PCS","无制冷设备","无除湿机设备","232","192.168.10.208","84-39-141-160-51-201","EVE.0.5-240123","CHS-BOOT-V1.1 ","NB.HS01-250424","HV1.1.0-220830","存在单电池欠压故障","-","RT4过温故障严重报警; RT5过温故障严重报警","主正接触器:断开; 主负接触器:断开; 预充接触器:断开","DI1:断开; DI2:断开; DI3:断开; DI4:断开; DI5:断开; DI6:断开; DI7:断开; DI8:断开; DI9:断开; DI10:断开; DI11:断开","DO1:断开; DO2:断开; DO3:断开; DO4:断开; DO5:断开; DO6:断开; DO7:断开; DO8:断开; 地址自适应反馈:断开","0","0","0","0","0","0","0","0","0","0","2710","通过"
"97","2025-4-28 14:38:42","2025-4-27 22:45:46","总故障位触发","故障:存在常规严重故障位, 存在硬件故障总故障位, 存在保留故障总故障位","/:/","/:/","/:/","开路","严重","存在常规严重故障位; 存在硬件故障总故障位; 存在保留故障总故障位","保留绝缘电阻严重告警","0.0V","0.0A","30.0%","23.2%","30.0%","100.00%","0kWh","0kWh","0kWh","0kWh","125.0%","0.0%","100.0%","0Ah","0Ah","0Ah","0Ah","0.0kW","0.0kW","0","0","0","0","0","-","0","-","0","-","0","-","0","-","0","-","0","-","0","-","0","-","0","-","0","简约模式","内测模式1（V、T）","非运维模式","无PCS","无制冷设备","无除湿机设备","232","192.168.10.208","84-39-141-160-51-201","EVE.0.5-240123","CHS-BOOT-V1.1 ","NB.HS01-250424","HV1.1.0-220830","存在单电池欠压故障","-","RT4过温故障严重报警; RT5过温故障严重报警","主正接触器:断开; 主负接触器:断开; 预充接触器:断开","DI1:断开; DI2:断开; DI3:断开; DI4:断开; DI5:断开; DI6:断开; DI7:断开; DI8:断开; DI9:断开; DI10:断开; DI11:断开","DO1:断开; DO2:断开; DO3:断开; DO4:断开; DO5:断开; DO6:断开; DO7:断开; DO8:断开; 地址自适应反馈:断开","0","0","0","0","0","0","0","0","0","0","8463","通过"
"98","2025-4-28 14:38:42","2025-4-27 22:45:54","总故障位触发","故障:存在常规严重故障位, 存在硬件故障总故障位, 存在保留故障总故障位","/:/","/:/","/:/","开路","严重","存在常规严重故障位; 存在硬件故障总故障位; 存在保留故障总故障位","保留绝缘电阻严重告警","0.0V","0.0A","30.0%","23.2%","30.0%","100.00%","0kWh","0kWh","0kWh","0kWh","125.0%","0.0%","100.0%","0Ah","0Ah","0Ah","0Ah","0.0kW","0.0kW","0","0","0","0","0","-","0","-","0","-","0","-","0","-","0","-","0","-","0","-","0","-","0","-","0","简约模式","内测模式1（V、T）","非运维模式","无PCS","无制冷设备","无除湿机设备","232","192.168.10.208","84-39-141-160-51-201","EVE.0.5-240123","CHS-BOOT-V1.1 ","NB.HS01-250424","HV1.1.0-220830","存在单电池欠压故障","-","RT4过温故障严重报警; RT5过温故障严重报警","主正接触器:断开; 主负接触器:断开; 预充接触器:断开","DI1:断开; DI2:断开; DI3:断开; DI4:断开; DI5:断开; DI6:断开; DI7:断开; DI8:断开; DI9:断开; DI10:断开; DI11:断开","DO1:断开; DO2:断开; DO3:断开; DO4:断开; DO5:断开; DO6:断开; DO7:断开; DO8:断开; 地址自适应反馈:断开","0","0","0","0","0","0","0","0","0","0","55103","通过"
"99","2025-4-28 14:38:42","2025-4-27 22:45:54","总故障位触发","故障:存在常规严重故障位, 存在硬件故障总故障位, 存在保留故障总故障位","/:/","/:/","/:/","开路","严重","存在常规严重故障位; 存在硬件故障总故障位; 存在保留故障总故障位","保留绝缘电阻严重告警","0.0V","0.0A","30.0%","23.2%","30.0%","100.00%","0kWh","0kWh","0kWh","0kWh","125.0%","0.0%","100.0%","0Ah","0Ah","0Ah","0Ah","0.0kW","0.0kW","0","0","0","0","0","-","0","-","0","-","0","-","0","-","0","-","0","-","0","-","0","-","0","-","0","简约模式","内测模式1（V、T）","非运维模式","无PCS","无制冷设备","无除湿机设备","232","192.168.10.208","84-39-141-160-51-201","EVE.0.5-240123","CHS-BOOT-V1.1 ","NB.HS01-250424","HV1.1.0-220830","存在单电池欠压故障","-","RT4过温故障严重报警; RT5过温故障严重报警","主正接触器:断开; 主负接触器:断开; 预充接触器:断开","DI1:断开; DI2:断开; DI3:断开; DI4:断开; DI5:断开; DI6:断开; DI7:断开; DI8:断开; DI9:断开; DI10:断开; DI11:断开","DO1:断开; DO2:断开; DO3:断开; DO4:断开; DO5:断开; DO6:断开; DO7:断开; DO8:断开; 地址自适应反馈:断开","0","0","0","0","0","0","0","0","0","0","64678","通过"
"100","2025-4-28 14:38:42","2025-4-27 22:46:46","总故障位触发","故障:存在常规严重故障位, 存在硬件故障总故障位, 存在保留故障总故障位","/:/","/:/","/:/","开路","严重","存在常规严重故障位; 存在硬件故障总故障位; 存在保留故障总故障位","保留绝缘电阻严重告警","0.0V","0.0A","30.0%","23.2%","30.0%","100.00%","0kWh","0kWh","0kWh","0kWh","125.0%","0.0%","100.0%","0Ah","0Ah","0Ah","0Ah","0.0kW","0.0kW","0","0","0","0","0","-","0","-","0","-","0","-","0","-","0","-","0","-","0","-","0","-","0","-","0","简约模式","内测模式1（V、T）","非运维模式","无PCS","无制冷设备","无除湿机设备","232","192.168.10.208","84-39-141-160-51-201","EVE.0.5-240123","CHS-BOOT-V1.1 ","NB.HS01-250424","HV1.1.0-220830","存在单电池欠压故障","-","RT4过温故障严重报警; RT5过温故障严重报警","主正接触器:断开; 主负接触器:断开; 预充接触器:断开","DI1:断开; DI2:断开; DI3:断开; DI4:断开; DI5:断开; DI6:断开; DI7:断开; DI8:断开; DI9:断开; DI10:断开; DI11:断开","DO1:断开; DO2:断开; DO3:断开; DO4:断开; DO5:断开; DO6:断开; DO7:断开; DO8:断开; 地址自适应反馈:断开","0","0","0","0","0","0","0","0","0","0","32210","通过"
